"indicator_id","indicator_name","category","definition","unit","frequency","source_id","source_field","calculation_rule","availability_lag","market_object","evidence_class","status","notes"
"cgb_ga_dr007","DR007加权利率","liquidity","银行间存款类机构7天质押式回购加权利率","%","daily","","","raw；精确数据源字段待映射","","funding","[E]","proposed_gate_a","P0；[E] rpt_c406ce66269f6c16，PDF物理页4，证据数据截止日[U]未声明（正文称进入6月/当前）；报告以DR007相对政策利率判断资金状态；[X] 候选iFinD/官方源及可得滞后待核验"
"cgb_ga_omo_7d_rate","7天公开市场操作政策利率","monetary_policy","用于刻画银行间短期资金政策锚的7天公开市场操作利率","%","event/daily","","","事件日原值，非事件日向前填充规则需版本化","","funding_policy_anchor","[E]","proposed_gate_a","P0；[E] rpt_c406ce66269f6c16，PDF物理页4，证据数据截止日[U]未声明；仅作为政策锚，不与DR007混写；[X] 官方源与字段待映射"
"cgb_ga_dr007_omo_spread","DR007-7天政策利率利差","liquidity","DR007相对7天政策利率的偏离","bp","daily","","cgb_ga_dr007;cgb_ga_omo_7d_rate","(DR007_pct-OMO7D_pct)*100","","funding","[I]","proposed_gate_a","P0；[I] 基于[E] rpt_c406ce66269f6c16，PDF物理页4，证据数据截止日[U]未声明；正值仅表示资金利率高于政策锚，不自动等于持续收紧"
"cgb_ga_large_bank_net_lending","大行资金净融出","liquidity","大型银行在资金市场的净融出规模，精确机构集合与交易口径待定义","CNY_100mn","daily","","","raw；机构集合、正负号与市场范围待冻结","","funding","[U]","proposed_gate_a","P0；[E] rpt_c406ce66269f6c16，PDF物理页3，证据数据截止日[U]未声明（正文仅称2026年6月初大行净融出减少）；[U] 数量、机构集合、原始源和字段均未披露"
"cgb_ga_pbc_net_liquidity_injection","央行净流动性投放","monetary_policy","公开市场及指定货币政策工具到期与投放的净额，工具集合需冻结","CNY_100mn","daily/weekly","","","sum(injections)-sum(maturities)；纳入工具清单版本化","","funding","[I]","proposed_gate_a","P0；[I] 用于检验政府债供给的流动性对冲；依据[E] rpt_c5fb1a641cf93b7c，PDF物理页8，证据数据截止日[U]未声明；[X] 工具集合和官方/iFinD字段待映射"
"cgb_ga_gov_bond_net_financing","政府债净融资","supply_demand","指定期间政府债发行缴款减到期偿还，需保留国债/地方债及期限维度","CNY_100mn","weekly","","","sum(issue_payment)-sum(maturity_redemption)；按bond_type和tenor_bucket分组","","cash_bond_supply","[I]","proposed_gate_a","P0；[I] 将[E] rpt_c5fb1a641cf93b7c，PDF物理页8，证据数据截止日[U]未声明的供给压力转成可审计量；[X] 财政部/官方/iFinD源映射待核验"
"cgb_ga_yield_curve_nodes","国债固定期限收益率节点","curve_valuation","同一估值源、同一时点的2Y、5Y、10Y、30Y国债到期收益率长表","%","daily","","","raw；tenor必须为2Y|5Y|10Y|30Y，禁止混用活跃券成交收益率","","cash_bond_curve","[I]","proposed_gate_a","P0；[I] 为三点/四点曲线共同输入；证据锚包括[E] rpt_feca128af69a3d3b，PDF物理页3，截止日[U]未声明，以及rpt_c406ce66269f6c16，PDF物理页8-9，截止日[U]未声明；[X] 估值源和字段待映射"
"cgb_ga_term_spread","固定期限国债期限利差","curve_valuation","按固定定义计算的2Y-10Y、5Y-10Y、10Y-30Y曲线段，表内记录short_tenor和long_tenor","bp","daily","","cgb_ga_yield_curve_nodes","(yield_long-yield_short)*100；每条曲线段单独存储","","cash_bond_curve","[I]","proposed_gate_a","P0；[I] 解决2Y-10Y与10Y-30Y不可混写；依据[E] rpt_c406ce66269f6c16，PDF物理页8-9，截止日[U]未声明，以及rpt_feca128af69a3d3b，PDF物理页3，截止日[U]未声明"
"cgb_ga_active_contract_code","TS/TF/T/TL分产品主力合约代码","futures_microstructure","按产品和交易日记录唯一活动合约，允许人工覆盖但必须保留来源与理由","contract_code","daily","","","产品内按冻结规则选择；人工覆盖另存override_reason","","cgb_futures","[I]","proposed_gate_a","P0；[I] 为所有期货指标的数据治理前置项；依据三份卡片对TS/TF/T/TL和实际合约的严格区分；[X] 主力选择规则及中金所/iFinD字段待核验"
"cgb_ga_futures_settlement","国债期货逐合约结算价","futures_microstructure","TS、TF、T、TL实际合约的日结算价，不以连续合约替代","price_per_100","daily","","","raw；键为trade_date,product,contract_code","","cgb_futures","[E]","proposed_gate_a","P0；[E] rpt_c5fb1a641cf93b7c，PDF物理页4，证据数据截止日[U]未声明（2026H1收益）及rpt_c406ce66269f6c16，PDF物理页13，截止日[U]未声明（实际2609/2612合约）；[X] 官方/iFinD字段待映射"
"cgb_ga_futures_open_interest","国债期货逐合约持仓量","futures_microstructure","TS、TF、T、TL实际合约日末持仓量","contracts","daily","","","raw；产品合计与全市场合计由逐合约求和","","cgb_futures","[E]","proposed_gate_a","P0；[E] rpt_c5fb1a641cf93b7c，PDF物理页4，证据数据截止日2026-06-30；报告给出四品种持仓及T占比；无账户分类时不得识别套保/投机"
"cgb_ga_futures_volume","国债期货逐合约成交量","futures_microstructure","TS、TF、T、TL实际合约成交量","contracts","daily","","","raw；产品合计与全市场合计由逐合约求和","","cgb_futures","[E]","proposed_gate_a","P0；[E] rpt_c5fb1a641cf93b7c，PDF物理页4，证据数据截止日2026-06-30；成交量与持仓量必须分字段保存"
"cgb_ga_turnover_oi_ratio","国债期货成交持仓比","futures_microstructure","指定产品或全市场成交量与期末持仓量之比","ratio","daily/weekly","","cgb_ga_futures_volume;cgb_ga_futures_open_interest","volume/open_interest；open_interest=0时为空","","cgb_futures","[I]","proposed_gate_a","P1；[E] rpt_c5fb1a641cf93b7c，PDF物理页4，证据数据截止日2026-06-30给出比值0.39；[I] 该比率只能描述换手，不能单独识别持仓账户性质"
"cgb_ga_t_oi_share","T持仓占四品种比重","futures_microstructure","T产品持仓量占TS、TF、T、TL合计持仓量的比重","%","daily/weekly","","cgb_ga_futures_open_interest","100*OI_T/(OI_TS+OI_TF+OI_T+OI_TL)","","cgb_futures","[I]","proposed_gate_a","P1；[E] rpt_c5fb1a641cf93b7c，PDF物理页4，证据数据截止日2026-06-30给出43.8%；[I] 后续仅作集中度监测"
"cgb_ga_cross_product_futures_spread","国债期货跨品种价差","curve_valuation","同到期月TS/TF/T/TL之间按冻结权重构造的相对价格，公式版本逐组合记录","price_spread","daily","","","weight_a*settlement_a-weight_b*settlement_b；权重/DV01/到期月未冻结前不计算","","cgb_futures_relative_value","[U]","proposed_gate_a","P1；[E] rpt_c406ce66269f6c16，PDF物理页5、8-9，证据数据截止日[U]未声明；[U] 报告使用多种乘数但正式公式、DV01和连续/实际合约规则须人工确认"
"cgb_ga_calendar_spread","国债期货跨期价差","futures_microstructure","同一产品近月与远月实际合约结算价之差","price_spread","daily","","cgb_ga_futures_settlement","near_contract_settlement-far_contract_settlement；近远月代码显式存储","","cgb_futures_calendar","[I]","proposed_gate_a","P1；[E] rpt_c406ce66269f6c16，PDF物理页5、11-12，证据数据截止日[U]未声明；[I] 本表固定近月减远月，报告口径复核前不得混用"
"cgb_ga_deliverable_conversion_factor","可交割券与转换因子映射","futures_microstructure","按产品、实际合约、债券和有效期记录中金所公布的单一转换因子；bond_code仅作主键维度","ratio","event/daily","","cffex_deliverable_snapshot","官方快照长表；主键product+contract_code+bond_code+valid_from；输出值仅为conversion_factor","","cgb_futures_delivery","[X]","proposed_gate_a_blocked_dependency","P0；[X] 三份报告未提供可审计转换因子明细，但基差、净基差、IRR、Carry和CTD均依赖；完整历史官方快照和SHA-256尚未补齐，当前不得投产；不得把转换因子本身当作CTD结论"
"cgb_ga_gross_basis","国债期货毛基差","futures_microstructure","指定可交割券全价与期货结算价乘转换因子的差额，统一每百元面值","CNY_per_100","daily","","cash_bond_full_price;cgb_ga_futures_settlement;cgb_ga_deliverable_conversion_factor","cash_full_price_per_100-futures_settlement*conversion_factor；全价/净价约定必须冻结","","cgb_futures_basis","[X]","proposed_gate_a_blocked_dependency","P0；[X] 为净基差和交割分析的外部计算接口；[U] 报告未给逐券全价、应计利息或basis convention，生产前需补齐并逐券复算"
"cgb_ga_carry_to_delivery","可交割券持有至交割Carry","futures_microstructure","买入可交割券持有至交割的票息/应计收益减融资成本，统一每百元面值","CNY_per_100","daily","","deliverable_cashflows;cash_bond_full_price;repo_funding_curve;delivery_calendar;tax_rules","coupon_and_accrual_to_delivery-financing_cost_to_delivery；现金流、日计数、税费规则版本化","","cgb_futures_delivery","[X]","proposed_gate_a_blocked_dependency","P0；[X] 报告外必需接口；[U] 精确现金流、全价、回购融资曲线、日计数、税费与交割日规则待核验，依赖补齐前不得投产"
"cgb_ga_net_basis","国债期货净基差","futures_microstructure","指定可交割券毛基差扣除持有至交割Carry后的相对定价指标","CNY_per_100","daily","","cgb_ga_gross_basis;cgb_ga_carry_to_delivery","gross_basis-carry_to_delivery；仅在统一口径下计算","","cgb_futures_basis","[I]","proposed_gate_a_blocked_dependency","P0；[E] rpt_c406ce66269f6c16，PDF物理页9-10，证据数据截止日[U]未声明；[I] 公式实现依赖被阻断的逐券全价、现金流与融资链，报告的相对高位不作为固定阈值"
"cgb_ga_irr","可交割券隐含回购利率IRR","futures_microstructure","买券并卖出期货持有至交割的年化隐含融资收益率","%_annualized","daily","","deliverable_cashflows;cash_bond_full_price;cgb_ga_futures_settlement;cgb_ga_deliverable_conversion_factor;delivery_calendar;tax_rules","逐券现金流年化求解；日计数、应计利息、票息、交割价与税费规则版本化","","cgb_futures_delivery","[E]","proposed_gate_a_blocked_dependency","P0；[E] rpt_c5fb1a641cf93b7c，PDF物理页11，证据数据截止日[U]未声明；报告仅称相对低位，未给阈值或CTD明细；完整逐券[X]依赖补齐前不得投产"
"cgb_ga_irr_funding_spread","IRR-融资成本利差","futures_microstructure","逐可交割券隐含回购利率相对匹配期限融资成本的利差","bp","daily","","cgb_ga_irr;repo_funding_curve","(IRR_pct-funding_rate_pct)*100；融资利率类型和期限需冻结","","cgb_futures_delivery","[I]","proposed_gate_a_blocked_dependency","P0；[I] 用于检验IRR是否真正提供融资优势；依据[E] rpt_c5fb1a641cf93b7c，PDF物理页11，截止日[U]未声明；[U] 融资锚和期限匹配尚未确定"
"cgb_ga_ctd_bond","CTD券识别","futures_microstructure","在每个产品和实际合约的完整可交割券集合内识别最便宜可交割券，并保留筛选经济性及并列状态","identifier","daily","","cgb_ga_deliverable_conversion_factor;cgb_ga_net_basis;cgb_ga_irr;cgb_ga_irr_funding_spread","按冻结的交割经济性规则逐券比较；bond_code为输出标识；规则、价格时点、融资口径和并列处理均需版本化","","cgb_futures_delivery","[X]","proposed_gate_a_blocked_dependency","P0；[X] CTD是逐券价格与现金流计算结果，必须与转换因子字段分离；完整历史快照及计算依赖未齐，当前不得投产"
"cgb_ga_top20_fund_duration","绩优前20%中长债基金平均久期","institution_behavior","按冻结业绩窗口选出的前20%基金的组合久期平均值","years","weekly","","","raw或模型估算；基金池、业绩窗口、权重、再平衡和久期模型必须版本化","","bond_fund_duration","[U]","proposed_gate_a","P0；[E] rpt_feca128af69a3d3b，PDF物理页5，证据数据截止日[U]未声明；报告给出5.92年并称约领先两周；[U] 定义、公式、样本与频率未披露"
"cgb_ga_all_fund_duration","中长债基金整体平均久期","institution_behavior","冻结基金池内中长债基金的组合久期平均值","years","weekly","","","raw或模型估算；基金池、权重和久期模型必须版本化","","bond_fund_duration","[U]","proposed_gate_a","P0；[E] rpt_feca128af69a3d3b，PDF物理页5，证据数据截止日[U]未声明；报告给出3.91年；[U] 定义、公式与频率未披露"
"cgb_ga_duration_gap","绩优基金久期-整体久期差","institution_behavior","绩优前20%基金平均久期减整体中长债基平均久期","years","weekly","","cgb_ga_top20_fund_duration;cgb_ga_all_fund_duration","top20_duration-all_fund_duration","","bond_fund_duration","[I]","proposed_gate_a","P0；[I] 报告当期数值可算得2.01年，但因截止日和口径[U]不作为正式基准；依据[E] rpt_feca128af69a3d3b，PDF物理页5，截止日[U]未声明"
"cgb_ga_duration_change","基金久期1周/2周变化","institution_behavior","绩优或整体基金久期相对1周、2周前的变化，保留fund_group和window","years","weekly","","cgb_ga_top20_fund_duration;cgb_ga_all_fund_duration","duration_t-duration_t_minus_n_weeks；n=1|2，统一week_end","","bond_fund_duration","[I]","proposed_gate_a","P0；[I] 将[E] rpt_feca128af69a3d3b，PDF物理页5，证据数据截止日[U]未声明的约两周领先命题转为可回测序列；急降阈值不得主观设定"
"cgb_ga_duration_cross_event","绩优久期下穿整体久期事件","institution_behavior","绩优久期差由正转为零或负的周度事件","0_1","weekly","","cgb_ga_duration_gap","1 if gap_t<=0 and gap_t_minus_1>0 else 0；缺失值不触发","","bond_fund_duration","[I]","proposed_gate_a","P0；[E] rpt_feca128af69a3d3b，PDF物理页5，证据数据截止日[U]未声明；[I] 仅作待验证事件，不自动形成方向信号"
"cgb_ga_fund_net_trade_by_tenor","基金分期限国债净买卖","institution_behavior","基金对10Y和30Y国债的周度净买入/净卖出，保留tenor_bucket和机构口径","CNY_100mn","weekly","","","raw；正负号、基金范围、现券映射和week_end须冻结","","cash_bond_flow","[U]","proposed_gate_a","P0；[E] rpt_feca128af69a3d3b，PDF物理页4，证据数据截止日2025-11（月度精度历史案例）；[U] 图表口径、基金范围和分期限映射未披露"
"cgb_ga_issuance_progress_deviation","政府债发行进度偏差","supply_demand","实际累计发行进度相对冻结计划进度的偏差，保留国债/地方债和期限维度","pct_point","weekly","","cgb_ga_gov_bond_net_financing","actual_cumulative_progress-planned_cumulative_progress；计划版本必须冻结","","cash_bond_supply","[I]","proposed_gate_a","P1；[I] 用于验证[E] rpt_c5fb1a641cf93b7c，PDF物理页8，证据数据截止日[U]未声明的供给后移叙事；[X] 发行计划及修订历史待接入"
"cgb_ga_liquidity_supply_offset_gap","供给-央行流动性抵补缺口","liquidity","政府债净融资与央行净流动性投放之间的研究代理差额，不代表一一对应因果","CNY_100mn","weekly","","cgb_ga_gov_bond_net_financing;cgb_ga_pbc_net_liquidity_injection","gov_bond_net_financing-pbc_net_liquidity_injection","","funding_and_supply","[I]","proposed_gate_a","P1；[I] 依据[E] rpt_c5fb1a641cf93b7c，PDF物理页8，截止日[U]未声明构造；只作诊断代理，不能解释全部银行体系流动性"
"cgb_ga_social_financing_stock_yoy","社会融资规模存量同比","macro_fundamentals","社会融资规模存量的同比增速","%","monthly","","","raw；精确统计口径和发布时间字段待映射","","macro_credit","[E]","proposed_gate_a","P1；[E] rpt_c406ce66269f6c16，PDF物理页8，证据数据截止日[U]未声明（历史样本截止日未披露）；报告用信用周期讨论期限利差；[X] 官方/iFinD字段待映射"
"cgb_ga_household_mortgage_credit","居民中长期贷款变化","macro_fundamentals","居民中长期贷款的新增量、同比或滚动变化，最终口径须单选并版本化","CNY_100mn_or_pct","monthly","","","[U] 候选口径：新增量或同比；未冻结前不计算复合信号","","macro_credit","[U]","proposed_gate_a","P1；[E] rpt_c406ce66269f6c16，PDF物理页8，证据数据截止日[U]未声明将居民融资列入信用证伪；[U] 指标口径与阈值未明确"
"cgb_ga_industrial_production_yoy","工业增加值同比","macro_fundamentals","规模以上工业增加值同比增速","%","monthly","","","raw；发布时间与数据期分字段保存","","macro_cycle","[E]","proposed_gate_a","P1；[E] rpt_c5fb1a641cf93b7c，PDF物理页10，证据数据截止日[U]未声明；用于检验周期同步性是否弱化，相关性不等于因果"
"cgb_ga_duration_dispersion","债基久期分歧度","institution_behavior","冻结基金池内久期的横截面离散程度","years_or_zscore","weekly","","","优先标准差；加权方式、基金池和极值/拐点规则版本化","","bond_fund_duration","[U]","proposed_gate_a","P1；[E] rpt_feca128af69a3d3b，PDF物理页4，证据数据截止日2025-06（月度精度历史案例）称先后关系不稳定；[U] 报告未披露公式、样本和阈值"
"cgb_ga_30y10y_spread_percentile","30Y-10Y利差滚动历史分位","curve_valuation","固定估值源下30Y减10Y收益率在冻结历史窗口中的经验分位","%ile","daily/weekly","","cgb_ga_term_spread","percent_rank(spread_30y10y within versioned window)","","cash_bond_curve","[I]","proposed_gate_a","P1；[E] rpt_feca128af69a3d3b，PDF物理页3，证据数据截止日[U]未声明给出2025年以来71.5%分位；[I] 历史窗口必须版本化，71.5%不得固化为阈值"
"cgb_ga_etf_net_subscription","债券ETF净申赎","institution_behavior","按利率债、信用债、可转债ETF分组的份额或资金净申赎","shares_or_CNY","weekly","","","raw；ETF池、价格折算和week_end规则版本化","","bond_etf_flow","[U]","proposed_gate_a","P2；[E] rpt_feca128af69a3d3b，PDF物理页5，证据数据截止日[U] 8月8日且年份未在表题声明；不得外推全部债基"
"cgb_ga_m2_m1_lead12","M2-M1及前置12月版本","macro_fundamentals","M2同比减M1同比，并保留未经前置与前置12月两种版本","pct_point","monthly","","","m2_yoy-m1_yoy；lead12仅用于回测展示，禁止在实时信号中使用未来值","","macro_cycle","[U]","proposed_gate_a","P2；[E] rpt_c5fb1a641cf93b7c，PDF物理页11，证据数据截止日[U]未声明；[U] 报告图表前置和移动规则未完整披露，需防止前视偏差"
"cgb_ga_cpi_ppi_spread","CPI-PPI剪刀差","macro_fundamentals","CPI同比减PPI同比","pct_point","monthly","","","cpi_yoy-ppi_yoy","","macro_inflation","[U]","proposed_gate_a","P2；[E] rpt_c5fb1a641cf93b7c，PDF物理页11，证据数据截止日[U]未声明；报告使用价格周期指标但移动均值与比较规则未完整披露"
"cgb_ga_global_pmi_heat","全球PMI热力值","macro_fundamentals","多个经济体PMI经标准化后形成的全球周期热度指标","zscore","monthly","","","[U] 经济体集合、权重、标准化窗口与缺失值规则待定义","","global_macro","[U]","proposed_gate_a","P2；[E] rpt_c5fb1a641cf93b7c，PDF物理页10-11，证据数据截止日[U]未声明；报告称使用z-score但未披露完整公式"
"cgb_ga_financial_leverage_gap","金融部门资产-负债杠杆差","macro_fundamentals","金融部门资产与负债杠杆指标之间的差额或相对变化，精确定义待恢复","[U]","monthly/quarterly","","","[U] 资产、负债、分母、季调和差值公式均待定义","","financial_structure","[U]","proposed_gate_a","P2；[E] rpt_c5fb1a641cf93b7c，PDF物理页7-9，证据数据截止日[U]未声明；仅保留候选，不进入生产或方向判断"
"cgb_gb_dr001","DR001加权利率","liquidity","银行间存款类机构隔夜质押式回购加权利率","%","daily","","","raw；与DR007、R007及政策利率分别保存","","funding","[E]","proposed_gate_b","P0；[E] rpt_5856700aced049fc，PDF物理页1，证据数据截止日[U]报告当周（最新显式市场日2026-08-07）；evidence_class仅指提案证据，正式值与时点须来自[X]快照"
"cgb_gb_r007","R007加权利率","liquidity","银行间全市场7天质押式回购加权利率","%","daily","","","raw；机构与交易范围按数据源原定义冻结","","funding","[E]","proposed_gate_b","P0；[E] rpt_5856700aced049fc，PDF物理页4，证据数据截止日[U]日度更新表未打印观察日；正式值须来自[X]行情快照"
"cgb_gb_r007_dr007_spread","R007-DR007非银融资利差","liquidity","R007相对DR007的融资成本差","bp","daily","","cgb_gb_r007;cgb_ga_dr007","(R007_pct-DR007_pct)*100","","funding","[I]","proposed_gate_b","P0；[I] 基于[E] rpt_5856700aced049fc，PDF物理页4，证据数据截止日[U]；正值扩大只表示非银相对融资压力，不自动推出期货方向"
"cgb_gb_gov_duration_net_supply","政府债久期加权净供给","supply_demand","国债与地方债逐券发行和到期分别乘各自DV01后的净久期供给","CNY_per_bp","daily/weekly","","issue_cashflows;maturity_cashflows;bond_dv01","sum(issue_amount_i*issue_bond_dv01_i)-sum(maturity_amount_j*maturity_bond_dv01_j)；逐券计算后再聚合","","cash_bond_supply","[I]","proposed_gate_b_blocked_dependency","P0候选但依赖阻断；[I] 将[E] rpt_5856700aced049fc，PDF物理页1，证据数据截止日[U]2026H2展望转为风险单位；逐券现金流与DV01源未映射前不得计算"
"cgb_gb_contract_dv01","国债期货逐实际合约DV01","futures_microstructure","TS/TF/T/TL实际合约对1bp可交割收益率变化的风险金额","CNY_per_bp_per_contract","daily","","cgb_ga_ctd_bond;cgb_ga_deliverable_conversion_factor;cash_bond_dirty_price;deliverable_cashflows","按实际合约、CTD、转换因子、现金券价格/收益率和现金流模型计算；禁止跨换月使用固定常数","","cgb_futures","[I]","proposed_gate_b_blocked_dependency","P0候选但依赖阻断；[I] 由[E] rpt_5856700aced049fc，PDF物理页1，证据数据截止日[U]的远月套保观点引出；CFFEX时点篮子和现金券输入未齐前不得放行G4"
"cgb_gb_hedge_dv01_gap","期货套保DV01缺口","futures_microstructure","目标现券组合DV01与实际期货头寸DV01之差","CNY_per_bp","daily","","portfolio_cash_bond_positions;cash_bond_dv01;futures_positions;cgb_gb_contract_dv01","sum(cash_position_i*cash_dv01_i)-sum(futures_contracts_j*contract_dv01_j)","","futures_hedge","[I]","proposed_gate_b_blocked_dependency","P0候选但依赖阻断；[I] 用于复盘[E] rpt_5856700aced049fc，PDF物理页1，证据数据截止日[U]的远月套保；组合持仓和逐券DV01未接入"
"cgb_gb_hedge_pnl_error","期货套保持有期损益误差","futures_microstructure","目标现券组合损益与含换月的期货套保损益之差","CNY","holding_period","","portfolio_mark_to_market;futures_mark_to_market;futures_positions;roll_ledger;cgb_ga_net_basis;cgb_ga_carry_to_delivery","cash_bond_total_return+futures_hedge_pnl；单独披露Carry、基差和换月贡献","","futures_hedge","[I]","proposed_gate_b_blocked_dependency","P1；[I] 用于复盘[E] rpt_5856700aced049fc，PDF物理页1，证据数据截止日[U]的套保观点；持仓、头寸、逐日价格、换月和持有期边界未齐前不计算"
"cgb_gb_fomc_target_bound","联邦基金目标区间上下界","monetary_policy","逐次FOMC目标区间的lower或upper边界，使用bound_type维度","%","event","","","主键=meeting_date+bound_type；bound_type=lower|upper","","external_policy","[E]","proposed_gate_b","P0；[E] rpt_737662a2d6e52aed，PDF物理页3，证据数据截止日[U]2026年7月FOMC具体日未声明；3.50%-3.75%须以美联储官方[X]复核"
"cgb_gb_fomc_decision_change","FOMC目标中点实际变动","monetary_policy","本次目标区间中点相对上次会议的变化","bp","event","","cgb_gb_fomc_target_bound","((lower_t+upper_t)-(lower_t_1+upper_t_1))/2*100","","external_policy","[I]","proposed_gate_b","P0；[I] 基于[E] rpt_737662a2d6e52aed，PDF物理页3，证据数据截止日[U]；正式计算读取官方[X]目标边界"
"cgb_gb_fomc_dissent_share","FOMC同方向异议票占比","monetary_policy","指定偏紧或偏松方向的异议票数占有效投票人数比例","%_of_votes","event","","","100*dissent_count/voter_count；保留dissent_direction和有效投票人数","","external_policy","[I]","proposed_gate_b","P0；[I] 基于[E] rpt_737662a2d6e52aed，PDF物理页3-4，证据数据截止日[U]；异议比例不能自动预测下一次行动，票数须官方[X]核验"
"cgb_gb_fed_implied_policy_path","美国会议隐含政策利率","monetary_policy","按单一标的、合约和会议映射计算的未来FOMC会议隐含利率","%","intraday/daily","","","必须保存instrument_type、underlying_rate、contract_code、meeting_date、implied_rate_method、basis_adjustment和快照时间；不同OIS/SOFR/联邦基金期货不混算","","external_policy_pricing","[E]","proposed_gate_b","P0；[E] rpt_737662a2d6e52aed，PDF物理页5-7，证据数据截止日[U]会议盘中无精确时间戳；约70%至60%仅作报告近似，生产值来自[X]行情"
"cgb_gb_ust_curve_nodes","美债固定期限收益率节点","external_rates","同一来源、同一时点的2Y、5Y、10Y、30Y美债到期收益率长表","%","intraday/daily","","","raw；tenor=2Y|5Y|10Y|30Y；价格与收益率字段禁止混用","","ust_curve","[E]","proposed_gate_b","P0；[E] rpt_737662a2d6e52aed，PDF物理页5和7，及rpt_bb2de5c3b82fc0e2，PDF物理页34，证据数据截止日均[U]；冲突区间只进预测账本，生产值来自[X]行情"
"cgb_gb_ust_driver_component","10年美债驱动分解分项","external_rates","按分解类型保存10Y收益率变化的单一分项，统一转成bp","bp","daily/weekly","","ust_tips_real_yield;ust_breakeven;fed_expected_short_rate_path;ust_term_premium_model","主键含decomposition_type和component；inflation_identity=real_yield|breakeven；policy_term_premium=expected_short_rate_path|term_premium；两类分解不得交叉加总","","ust_term_premium","[I]","proposed_gate_b_availability_review","P0；[I] 基于[E] rpt_737662a2d6e52aed，PDF物理页6-7，及rpt_bb2de5c3b82fc0e2，PDF物理页33-34，证据数据截止日均[U]；TIPS、盈亏平衡、预期短端路径与期限溢价模型尚未映射，完成来源与模型版本审计前不可计算"
"cgb_gb_dxy","美元指数DXY","external_transmission","美元指数原值","index","intraday/daily","","","raw；quote_convention=higher_is_stronger_usd","","fx_bridge","[E]","proposed_gate_b","P0；[E] rpt_bb2de5c3b82fc0e2，PDF物理页31-32，证据数据截止日[U]2026H2；98.4-102仅作预测复盘，生产值来自[X]行情；DXY不能单独通过G2"
"cgb_gb_usd_cnh","离岸美元兑人民币","external_transmission","一美元对应的离岸人民币数量","CNY_per_USD","intraday/daily","","","raw；quote_convention=higher_is_weaker_cny","","fx_bridge","[E]","proposed_gate_b","P0；[E] rpt_bb2de5c3b82fc0e2，PDF物理页35，证据数据截止日[U]；生产值来自[X]行情，是G2可用的中国面对中介"
"cgb_gb_cfets_index","CFETS人民币汇率指数","external_transmission","人民币相对CFETS货币篮子的汇率指数","index","daily/weekly","","","raw；quote_convention=higher_is_stronger_cny_basket；指数版本与篮子权重登记","","fx_bridge","[E]","proposed_gate_b","P0；[E] rpt_bb2de5c3b82fc0e2，PDF物理页35，证据数据截止日[U]；生产值来自[X]官方/行情源，是G2可用中介"
"cgb_gb_cn_us_yield_beta","中美利率条件敏感度","external_transmission","中国固定期限国债收益率变化对同期限或指定美债变化的滚动与事件条件beta","beta","daily/event","","cgb_ga_yield_curve_nodes;cgb_gb_ust_curve_nodes","20/60/120日滚动回归与FOMC事件样本分别计算；保存相关、样本数、显著性与结构突变","","cross_border_rates","[I]","proposed_gate_b","P1；[I] 用于验证[E] rpt_bb2de5c3b82fc0e2，PDF物理页35，证据数据截止日[U]的脱敏叙事；不作为G2/G3初始自动门槛，相关与beta均不证明因果"
"cgb_gb_move","MOVE美债隐含波动率指数","external_transmission","美国国债期权隐含波动率指数原值","index","daily","","","raw；保存变化、历史分位和数据源版本","","global_risk","[I]","proposed_gate_b","P1；[I] 基于[E] rpt_bb2de5c3b82fc0e2，PDF物理页6和33，证据数据截止日[U]的债券波动机制；生产值来自[X]行情，MOVE不能单独通过G2"
"cgb_gb_vix","VIX权益隐含波动率指数","external_transmission","标普500期权隐含波动率指数原值","index","daily","","","raw；保存变化、历史分位和数据源版本","","global_risk","[I]","proposed_gate_b","P1；[I] 作为海外risk_off竞争性渠道；报告未给VIX点位，生产值来自[X]行情，VIX不能单独通过G2"
"cgb_gb_oil_front_1y_spread","Brent近月-约1年远期价差","external_macro","Brent近月实际合约价格减约1年远期实际合约价格","USD_per_bbl","daily","","","front_price-one_year_forward_price；保存两腿实际合约、到期日、滚动规则与各腿原值","","oil_inflation_channel","[E]","proposed_gate_b","P1；[E] rpt_bb2de5c3b82fc0e2，PDF物理页6，证据数据截止日[U]；90/92美元冲突阈值不采用，生产值来自[X]行情"
"cgb_gb_us_treasury_duration_net_supply","美国国债久期加权净供给","external_rates","美国国债逐券发行和到期分别乘各自DV01后的净久期供给","USD_per_bp","weekly/monthly","","us_treasury_issuance;us_treasury_maturities;ust_bond_dv01","sum(issue_amount_i*issue_dv01_i)-sum(maturity_amount_j*maturity_dv01_j)","","ust_supply","[I]","proposed_gate_b_availability_review","P1；[I] 基于[E] rpt_737662a2d6e52aed，PDF物理页6-7，及rpt_bb2de5c3b82fc0e2，PDF物理页33-34，证据数据截止日均[U]；字段和发布时间滞后须先做[X]可得性审计"
"cgb_gb_us_treasury_auction_tail","美国国债拍卖尾部","external_rates","拍卖高收益率相对投标截止前同期限when-issued收益率之差","bp","event","","auction_high_yield;when_issued_yield_at_deadline","(auction_high_yield-wi_yield)*100","","ust_supply","[I]","proposed_gate_b_availability_review","P1；[I] 用于检验美债供给/期限溢价竞争性解释；报告未给拍卖尾部值，生产值及时间戳须来自[X]官方与行情源"
"cgb_gb_foreign_cgb_custody_change_by_tenor","外资国债分期限托管变化","institution_behavior","外资持有中国国债的分期限托管存量变化","CNY_100mn","monthly","","","custody_stock_t-custody_stock_t_1；机构范围、期限桶和发布时间冻结","","cross_border_flow","[I]","proposed_gate_b_availability_review","P1；[I] 为G2/G3跨境配置验证项；报告未给该数据，先审计[X]官方/iFinD能否提供一致的外资与期限口径"
"cgb_gb_foreign_cgb_net_trade_by_tenor","外资国债分期限净买入","institution_behavior","外资在指定期间对中国国债的分期限买入减卖出","CNY_100mn","daily/weekly","","","buy_amount-sell_amount；机构范围、交易市场、期限桶和正负号冻结","","cross_border_flow","[I]","proposed_gate_b_availability_review","P1；[I] 为G2/G3跨境流量验证项；不得用托管变化替代交易净流量，字段可得性与滞后须先做[X]审计"
