run_id,step_no,timestamp,object_type,object_id,stage,action,tool,tool_version,input_sha256,output_relative_path,output_sha256,status,records_or_pages,config_sha256,git_commit,message
init_20260815_registry_v1,1,2026-08-15T22:01:22+08:00,report_pdf,rpt_c406ce66269f6c16,ingest,copy_verify_readonly,Copy-Item+pypdf+hashlib,python 3.12,c406ce66269f6c16627ef25fa6806e5f9060549bd1700fb9f4e3b12d118b7db3,00_inbox/raw_reports/【期债半年报】水活则鱼动，把握流动性改善的机遇.pdf,c406ce66269f6c16627ef25fa6806e5f9060549bd1700fb9f4e3b12d118b7db3,success,15,936ce3b5aa9951c034d5af9cf4e72047d3262fa668dcb6466ac25a5fe290dbe2,,源/目标SHA与页数一致；项目副本设置Windows只读。
init_20260815_registry_v1,2,2026-08-15T22:01:22+08:00,report_pdf,rpt_c5fb1a641cf93b7c,ingest,copy_verify_readonly,Copy-Item+pypdf+hashlib,python 3.12,c5fb1a641cf93b7ca6fa7176c8e1a85295343788e8fe3346138a463d393e9ad7,00_inbox/raw_reports/20260706-华泰期货-国债半年报：反弹之后，等待拐点.pdf,c5fb1a641cf93b7ca6fa7176c8e1a85295343788e8fe3346138a463d393e9ad7,success,14,936ce3b5aa9951c034d5af9cf4e72047d3262fa668dcb6466ac25a5fe290dbe2,,源/目标SHA与页数一致；项目副本设置Windows只读。
init_20260815_registry_v1,3,2026-08-15T22:01:22+08:00,report_pdf,rpt_ffa011069cee4a47,ingest,copy_verify_readonly,Copy-Item+pypdf+hashlib,python 3.12,ffa011069cee4a472c5dff0c0471cb88e44cd7e1e42ae483fed777326d3246a8,00_inbox/raw_reports/20260706-建信期货-国债半年报：1.65％—1.95％，利率的窄走廊与新均衡.pdf,ffa011069cee4a472c5dff0c0471cb88e44cd7e1e42ae483fed777326d3246a8,success,19,936ce3b5aa9951c034d5af9cf4e72047d3262fa668dcb6466ac25a5fe290dbe2,,源/目标SHA与页数一致；项目副本设置Windows只读。
init_20260815_registry_v1,4,2026-08-15T22:01:22+08:00,report_pdf,rpt_97d85a7c1574f339,ingest,copy_verify_readonly,Copy-Item+pypdf+hashlib,python 3.12,97d85a7c1574f3397077083425af215cfe5ab9e95d4b1161309db7ffbb17eefe,00_inbox/raw_reports/20260726-国泰海通证券-债券基金周度数据观察：30年国债ETF为何越涨越赎.pdf,97d85a7c1574f3397077083425af215cfe5ab9e95d4b1161309db7ffbb17eefe,success,11,936ce3b5aa9951c034d5af9cf4e72047d3262fa668dcb6466ac25a5fe290dbe2,,源/目标SHA与页数一致；项目副本设置Windows只读。
init_20260815_registry_v1,5,2026-08-15T22:01:22+08:00,report_pdf,rpt_b793155f619a8ad8,ingest,copy_verify_readonly,Copy-Item+pypdf+hashlib,python 3.12,b793155f619a8ad86d9fb1f8eb5a9521d3c40c7dbb3f9cb8f342092d6d94b384,00_inbox/raw_reports/20260727-国泰海通证券-市场策略周报：如何识别国债期货盘中的“量化”博弈特征.pdf,b793155f619a8ad86d9fb1f8eb5a9521d3c40c7dbb3f9cb8f342092d6d94b384,success,9,936ce3b5aa9951c034d5af9cf4e72047d3262fa668dcb6466ac25a5fe290dbe2,,源/目标SHA与页数一致；项目副本设置Windows只读。
init_20260815_registry_v1,6,2026-08-15T22:01:22+08:00,report_pdf,rpt_737662a2d6e52aed,ingest,copy_verify_readonly,Copy-Item+pypdf+hashlib,python 3.12,737662a2d6e52aed7d3fa01ad4e2879baa3e67a0747a02b74d17e5e520d32ca2,00_inbox/raw_reports/20260730-国泰海通证券-7月FOMC：沃什说了什么，票委做了什么.pdf,737662a2d6e52aed7d3fa01ad4e2879baa3e67a0747a02b74d17e5e520d32ca2,success,8,936ce3b5aa9951c034d5af9cf4e72047d3262fa668dcb6466ac25a5fe290dbe2,,源/目标SHA与页数一致；项目副本设置Windows只读。
init_20260815_registry_v1,7,2026-08-15T22:01:22+08:00,report_pdf,rpt_cfe3ee74ed151370,ingest,copy_verify_readonly,Copy-Item+pypdf+hashlib,python 3.12,cfe3ee74ed15137041f3e4040e9de7b670365bb06b98de6a2127785a66cc9fac,00_inbox/raw_reports/20260802-国泰海通证券-透视股债跷跷板：细分资产相关性的K型分化.pdf,cfe3ee74ed15137041f3e4040e9de7b670365bb06b98de6a2127785a66cc9fac,success,10,936ce3b5aa9951c034d5af9cf4e72047d3262fa668dcb6466ac25a5fe290dbe2,,源/目标SHA与页数一致；项目副本设置Windows只读。
init_20260815_registry_v1,8,2026-08-15T22:01:22+08:00,report_pdf,rpt_05386acea6130991,ingest,copy_verify_readonly,Copy-Item+pypdf+hashlib,python 3.12,05386acea6130991db6e0f662dbfcc67a1f00ed6fd6650eb2d594201f0d843b2,00_inbox/raw_reports/20260804-国泰海通证券-机构行为周度跟踪：30年国债走强行情，会起波动吗，机构行为关注三个关键信号.pdf,05386acea6130991db6e0f662dbfcc67a1f00ed6fd6650eb2d594201f0d843b2,success,9,936ce3b5aa9951c034d5af9cf4e72047d3262fa668dcb6466ac25a5fe290dbe2,,源/目标SHA与页数一致；项目副本设置Windows只读。
init_20260815_registry_v1,9,2026-08-15T22:01:22+08:00,report_pdf,rpt_c811a6f1f2c78270,ingest,copy_verify_readonly,Copy-Item+pypdf+hashlib,python 3.12,c811a6f1f2c782709d9963acb6275d47a78a693dc3e6501145d04734df41365a,00_inbox/raw_reports/20260809-国泰海通证券-30年活跃券如何切换：历史规律与26特6的“不稳定接棒”.pdf,c811a6f1f2c782709d9963acb6275d47a78a693dc3e6501145d04734df41365a,success,12,936ce3b5aa9951c034d5af9cf4e72047d3262fa668dcb6466ac25a5fe290dbe2,,源/目标SHA与页数一致；项目副本设置Windows只读。
init_20260815_registry_v1,10,2026-08-15T22:01:22+08:00,report_pdf,rpt_9fa333483e94e169,ingest,copy_verify_readonly,Copy-Item+pypdf+hashlib,python 3.12,9fa333483e94e1694987ac258fb5c052f4fe06d022059392dcf1a37aeecb5095,00_inbox/raw_reports/20260809-国泰海通证券-港交所国债期货上市首周：定价中枢与跨境联动.pdf,9fa333483e94e1694987ac258fb5c052f4fe06d022059392dcf1a37aeecb5095,success,10,936ce3b5aa9951c034d5af9cf4e72047d3262fa668dcb6466ac25a5fe290dbe2,,源/目标SHA与页数一致；项目副本设置Windows只读。
init_20260815_registry_v1,11,2026-08-15T22:01:22+08:00,report_pdf,rpt_5856700aced049fc,ingest,copy_verify_readonly,Copy-Item+pypdf+hashlib,python 3.12,5856700aced049fca482f870ab0be5fe4c2a964b9b5ecdc1ef21e798326ef93c,00_inbox/raw_reports/20260809-华泰期货-国债周报：国债期货偏弱震荡，长端跌幅大于短端.pdf,5856700aced049fca482f870ab0be5fe4c2a964b9b5ecdc1ef21e798326ef93c,success,13,936ce3b5aa9951c034d5af9cf4e72047d3262fa668dcb6466ac25a5fe290dbe2,,源/目标SHA与页数一致；项目副本设置Windows只读。
init_20260815_registry_v1,12,2026-08-15T22:01:22+08:00,report_pdf,rpt_feca128af69a3d3b,ingest,copy_verify_readonly,Copy-Item+pypdf+hashlib,python 3.12,feca128af69a3d3b762663926069bf4d99dcf8ad540c8320fa1cf465a5c11f70,00_inbox/raw_reports/20260810-国泰海通证券-债基久期高位之后：关注绩优基金久期“死叉”.pdf,feca128af69a3d3b762663926069bf4d99dcf8ad540c8320fa1cf465a5c11f70,success,9,936ce3b5aa9951c034d5af9cf4e72047d3262fa668dcb6466ac25a5fe290dbe2,,源/目标SHA与页数一致；项目副本设置Windows只读。
init_20260815_registry_v1,13,2026-08-15T22:01:22+08:00,report_pdf,rpt_bb2de5c3b82fc0e2,ingest,copy_verify_readonly,Copy-Item+pypdf+hashlib,python 3.12,bb2de5c3b82fc0e29dc122c06d0ea37d069edfbf68c9718be01d9db511ff4294,00_inbox/raw_reports/20260814-国泰君安期货-2026H2海外宏观经济及大类资产展望：旧序余寒，新质去伪存真.pdf,bb2de5c3b82fc0e29dc122c06d0ea37d069edfbf68c9718be01d9db511ff4294,success,38,936ce3b5aa9951c034d5af9cf4e72047d3262fa668dcb6466ac25a5fe290dbe2,,源/目标SHA与页数一致；项目副本设置Windows只读。
init_20260815_registry_v1,14,2026-08-15T22:01:22+08:00,report_pdf,rpt_dadd32fd61400f1a,ingest,copy_verify_readonly,Copy-Item+pypdf+hashlib,python 3.12,dadd32fd61400f1ac85220246812e4d2d53d29281b56516ff2290367a3142ad6,00_inbox/raw_reports/东证期货_半年报_国债_起伏相循，择时择势_张粲东_20260624.pdf,dadd32fd61400f1ac85220246812e4d2d53d29281b56516ff2290367a3142ad6,success,23,936ce3b5aa9951c034d5af9cf4e72047d3262fa668dcb6466ac25a5fe290dbe2,,源/目标SHA与页数一致；项目副本设置Windows只读。
init_20260815_registry_v1,15,2026-08-15T22:01:22+08:00,report_pdf,rpt_e194db58c4f9f223,ingest,copy_verify_readonly,Copy-Item+pypdf+hashlib,python 3.12,e194db58c4f9f223f50f5d122f0805e0d998ecae9a5ba2bdb49e6b5b96c8524c,00_inbox/raw_reports/光期宏观：2026年下半年国债报告.pdf,e194db58c4f9f223f50f5d122f0805e0d998ecae9a5ba2bdb49e6b5b96c8524c,success,30,936ce3b5aa9951c034d5af9cf4e72047d3262fa668dcb6466ac25a5fe290dbe2,,源/目标SHA与页数一致；项目副本设置Windows只读。
init_20260815_registry_v1,16,2026-08-15T22:01:22+08:00,source_asset,asset_ef8d6cff391f5ab0,ingest,copy_verify_pending_review,Copy-Item+openpyxl+hashlib,python 3.12,ef8d6cff391f5ab0beebe5b77c6b48380ea261d70625891456370c10473901fd,00_inbox/pending_review/20260811-国泰海通证券-基金短端增持降温——信用债机构久期热度观测.xlsx,ef8d6cff391f5ab0beebe5b77c6b48380ea261d70625891456370c10473901fd,success,2,936ce3b5aa9951c034d5af9cf4e72047d3262fa668dcb6466ac25a5fe290dbe2,,工作簿作为独立附件登记；未混入PDF报告目录。
init_20260815_registry_v1,17,2026-08-15T22:01:22+08:00,registry,reports,registry_initialize,create_new,initialize_registry.py,python 3.12,,01_registry/reports.csv,30a55dd3e68ffd1acee10edc73ce03ef03152863d83084d44e5c44e47926e95a,success,15,936ce3b5aa9951c034d5af9cf4e72047d3262fa668dcb6466ac25a5fe290dbe2,,初始化新文件；未生成报告摘要或报告卡片。
init_20260815_registry_v1,18,2026-08-15T22:01:22+08:00,registry,report_metadata_evidence,registry_initialize,create_new,initialize_registry.py,python 3.12,,01_registry/report_metadata_evidence.csv,8eb57e3d1936d89a8c0be063e0f202a353a189e0b8be8d25322808efddd5d1db,success,222,936ce3b5aa9951c034d5af9cf4e72047d3262fa668dcb6466ac25a5fe290dbe2,,初始化新文件；未生成报告摘要或报告卡片。
init_20260815_registry_v1,19,2026-08-15T22:01:22+08:00,registry,source_assets,registry_initialize,create_new,initialize_registry.py,python 3.12,,01_registry/source_assets.csv,9c802e23e113b9d6cd149b5acba0485b2ae5e68aa09a22d0e92ad6f50f8a53d6,success,1,936ce3b5aa9951c034d5af9cf4e72047d3262fa668dcb6466ac25a5fe290dbe2,,初始化新文件；未生成报告摘要或报告卡片。
init_20260815_registry_v1,20,2026-08-15T22:01:22+08:00,registry,extraction_issues,registry_initialize,create_new,initialize_registry.py,python 3.12,,09_audit/extraction_issues.csv,c8228ada26ff68b4e829ac1aacccc9cf9b0b5fab7a19ed13baf9fa62b3ee488c,success,39,936ce3b5aa9951c034d5af9cf4e72047d3262fa668dcb6466ac25a5fe290dbe2,,初始化新文件；未生成报告摘要或报告卡片。
init_20260815_registry_v1,21,2026-08-15T22:01:22+08:00,registry,pilot_selection_20260815,registry_initialize,create_new,initialize_registry.py,python 3.12,,09_audit/pilot_selection_20260815.csv,30b28fda9d5fff813bc1b3504c0d633503428af291a235cbf78de171cb4ce9bf,success,6,936ce3b5aa9951c034d5af9cf4e72047d3262fa668dcb6466ac25a5fe290dbe2,,初始化新文件；未生成报告摘要或报告卡片。
ifind_migration_20260815_v1,1,2026-08-15T22:06:07+08:00,source_manifest_v1,bond_futures_ctd_metrics,ifind_migration,copied,migrate_ifind_snapshot.py,python 3.12,0b79f9db71b31a9c757d931dc8d589a3d0a5af5e2d137b88acb639a68276d913,05_data/snapshots/lineage/ifind/bond_futures_ctd_metrics/2026-08-15/bond_futures_ctd_metrics_20260815T135839+0800.manifest.json,0b79f9db71b31a9c757d931dc8d589a3d0a5af5e2d137b88acb639a68276d913,success,1100,7da0818eba48734a9506be45f9ecfa54ff372362992998674111460dd08e7551,,字节级复制并验哈希。
ifind_migration_20260815_v1,2,2026-08-15T22:06:07+08:00,production_raw_response,bond_futures_ctd_metrics,ifind_migration,copied,migrate_ifind_snapshot.py,python 3.12,4c65f673911099f0549a8bcf4ad38d89888d4882b064558bb504a349156361f8,05_data/raw/ifind/bond_futures_ctd_metrics/2026-08-15/bond_futures_ctd_metrics_20260815T135839+0800.json,4c65f673911099f0549a8bcf4ad38d89888d4882b064558bb504a349156361f8,success,1100,7da0818eba48734a9506be45f9ecfa54ff372362992998674111460dd08e7551,,字节级复制并验哈希。
ifind_migration_20260815_v1,3,2026-08-15T22:06:07+08:00,production_normalized,bond_futures_ctd_metrics,ifind_migration,copied,migrate_ifind_snapshot.py,python 3.12,15f17f0efe53e9a12a37af1b2e21fbcd02dd0f709fc1419c946cb1b96f1e7201,05_data/processed/ifind/bond_futures_ctd_metrics/2026-08-15/bond_futures_ctd_metrics_20260815T135839+0800.csv,15f17f0efe53e9a12a37af1b2e21fbcd02dd0f709fc1419c946cb1b96f1e7201,success,1100,7da0818eba48734a9506be45f9ecfa54ff372362992998674111460dd08e7551,,字节级复制并验哈希。
ifind_migration_20260815_v1,4,2026-08-15T22:06:07+08:00,production_request_template,bond_futures_ctd_metrics,ifind_migration,copied,migrate_ifind_snapshot.py,python 3.12,6666ff78e18fbe0094d06e6c97462a989a13c6f0986771e3646613765f72224e,08_scripts/config/ifind_requests/templates/bond_futures_ctd_metrics.json,6666ff78e18fbe0094d06e6c97462a989a13c6f0986771e3646613765f72224e,success,,7da0818eba48734a9506be45f9ecfa54ff372362992998674111460dd08e7551,,字节级复制并验哈希。
ifind_migration_20260815_v1,5,2026-08-15T22:06:07+08:00,source_manifest_v1,deliverable_bond_volume,ifind_migration,copied,migrate_ifind_snapshot.py,python 3.12,3b4e73c8ce15c2f282ae02003fb4e581dd80648aa2022fc43db7fc4a0156a956,05_data/snapshots/lineage/ifind/deliverable_bond_volume/2026-08-15/deliverable_bond_volume_20260815T142224+0800.manifest.json,3b4e73c8ce15c2f282ae02003fb4e581dd80648aa2022fc43db7fc4a0156a956,success,56,7da0818eba48734a9506be45f9ecfa54ff372362992998674111460dd08e7551,,字节级复制并验哈希。
ifind_migration_20260815_v1,6,2026-08-15T22:06:07+08:00,production_raw_response,deliverable_bond_volume,ifind_migration,copied,migrate_ifind_snapshot.py,python 3.12,06fc00c3ddce42bf7f43976ffbe52e9b27b67a1c9a40a5cf24f2c30fd6d67835,05_data/raw/ifind/deliverable_bond_volume/2026-08-15/deliverable_bond_volume_20260815T142224+0800.json,06fc00c3ddce42bf7f43976ffbe52e9b27b67a1c9a40a5cf24f2c30fd6d67835,success,56,7da0818eba48734a9506be45f9ecfa54ff372362992998674111460dd08e7551,,字节级复制并验哈希。
ifind_migration_20260815_v1,7,2026-08-15T22:06:07+08:00,production_normalized,deliverable_bond_volume,ifind_migration,copied,migrate_ifind_snapshot.py,python 3.12,52e149e190d99e97a8cc09867423e85c9dea529f525e49f173f7eef97125aba4,05_data/processed/ifind/deliverable_bond_volume/2026-08-15/deliverable_bond_volume_20260815T142224+0800.csv,52e149e190d99e97a8cc09867423e85c9dea529f525e49f173f7eef97125aba4,success,56,7da0818eba48734a9506be45f9ecfa54ff372362992998674111460dd08e7551,,字节级复制并验哈希。
ifind_migration_20260815_v1,8,2026-08-15T22:06:07+08:00,production_request_template,deliverable_bond_volume,ifind_migration,copied,migrate_ifind_snapshot.py,python 3.12,e39da424c2afc1bd41c7c67a92c61e5b27eb6e5494187d936d867e6c8f829d3f,08_scripts/config/ifind_requests/templates/deliverable_bond_volume.json,e39da424c2afc1bd41c7c67a92c61e5b27eb6e5494187d936d867e6c8f829d3f,success,,7da0818eba48734a9506be45f9ecfa54ff372362992998674111460dd08e7551,,字节级复制并验哈希。
ifind_migration_20260815_v1,9,2026-08-15T22:06:07+08:00,source_manifest_v1,excess_reserve_rate_history,ifind_migration,copied,migrate_ifind_snapshot.py,python 3.12,f2f01fbb21b4a8fea2af67cb2b7c3eb8e493ad19bd51a24f33ffefebff99fe3d,05_data/snapshots/lineage/ifind/excess_reserve_rate_history/2026-08-15/excess_reserve_rate_history_20260815T142655+0800.manifest.json,f2f01fbb21b4a8fea2af67cb2b7c3eb8e493ad19bd51a24f33ffefebff99fe3d,success,5,7da0818eba48734a9506be45f9ecfa54ff372362992998674111460dd08e7551,,字节级复制并验哈希。
ifind_migration_20260815_v1,10,2026-08-15T22:06:07+08:00,excluded_raw_response,excess_reserve_rate_history,ifind_migration,copied,migrate_ifind_snapshot.py,python 3.12,4899bbb5ab6cc80f8cbec0c9244b8de2e3ab4c0f078863b385278ebeeb283b01,99_archive/ifind_probes/wrong_definition/excess_reserve_rate_history/2026-08-15/raw/excess_reserve_rate_history_20260815T142655+0800.json,4899bbb5ab6cc80f8cbec0c9244b8de2e3ab4c0f078863b385278ebeeb283b01,success,5,7da0818eba48734a9506be45f9ecfa54ff372362992998674111460dd08e7551,,字节级复制并验哈希。
ifind_migration_20260815_v1,11,2026-08-15T22:06:07+08:00,excluded_normalized,excess_reserve_rate_history,ifind_migration,copied,migrate_ifind_snapshot.py,python 3.12,ed7a5581aaea0322d058201b7c1914c71c4fb1f00c9f9764924cc08f26af9d6d,99_archive/ifind_probes/wrong_definition/excess_reserve_rate_history/2026-08-15/normalized/excess_reserve_rate_history_20260815T142655+0800.csv,ed7a5581aaea0322d058201b7c1914c71c4fb1f00c9f9764924cc08f26af9d6d,success,5,7da0818eba48734a9506be45f9ecfa54ff372362992998674111460dd08e7551,,字节级复制并验哈希。
ifind_migration_20260815_v1,12,2026-08-15T22:06:07+08:00,excluded_request,excess_reserve_rate_history,ifind_migration,copied,migrate_ifind_snapshot.py,python 3.12,4b21ce6f508ec0b3a35c8eba38fba224cca30c20adc02b036e0f1fc1615fd8a3,99_archive/ifind_probes/wrong_definition/excess_reserve_rate_history/2026-08-15/request/excess_reserve_rate_history.json,4b21ce6f508ec0b3a35c8eba38fba224cca30c20adc02b036e0f1fc1615fd8a3,success,,7da0818eba48734a9506be45f9ecfa54ff372362992998674111460dd08e7551,,字节级复制并验哈希。
ifind_migration_20260815_v1,13,2026-08-15T22:06:07+08:00,source_manifest_v1,excess_reserve_ratio,ifind_migration,copied,migrate_ifind_snapshot.py,python 3.12,46ed88d9c7f3bc6078925eaff1babb86c86ba8d9bad5f5e34c7132e4d3cdb3de,05_data/snapshots/lineage/ifind/excess_reserve_ratio/2026-08-15/excess_reserve_ratio_20260815T143957+0800.manifest.json,46ed88d9c7f3bc6078925eaff1babb86c86ba8d9bad5f5e34c7132e4d3cdb3de,success,22,7da0818eba48734a9506be45f9ecfa54ff372362992998674111460dd08e7551,,字节级复制并验哈希。
ifind_migration_20260815_v1,14,2026-08-15T22:06:07+08:00,production_raw_response,excess_reserve_ratio,ifind_migration,copied,migrate_ifind_snapshot.py,python 3.12,346dbb4f64d95b09eb228b63d25f73dbac5fe18d18374a31e8d547c7233bd76d,05_data/raw/ifind/excess_reserve_ratio/2026-08-15/excess_reserve_ratio_20260815T143957+0800.json,346dbb4f64d95b09eb228b63d25f73dbac5fe18d18374a31e8d547c7233bd76d,success,22,7da0818eba48734a9506be45f9ecfa54ff372362992998674111460dd08e7551,,字节级复制并验哈希。
ifind_migration_20260815_v1,15,2026-08-15T22:06:07+08:00,production_normalized,excess_reserve_ratio,ifind_migration,copied,migrate_ifind_snapshot.py,python 3.12,8356ecd32d0227e0971bfec944e7af11a9f61e5a48c8c8eba13c37765e953f58,05_data/processed/ifind/excess_reserve_ratio/2026-08-15/excess_reserve_ratio_20260815T143957+0800.csv,8356ecd32d0227e0971bfec944e7af11a9f61e5a48c8c8eba13c37765e953f58,success,22,7da0818eba48734a9506be45f9ecfa54ff372362992998674111460dd08e7551,,字节级复制并验哈希。
ifind_migration_20260815_v1,16,2026-08-15T22:06:07+08:00,production_request_template,excess_reserve_ratio,ifind_migration,copied,migrate_ifind_snapshot.py,python 3.12,0791dc2ea52d84d061984536d7d1379153aa0cbd1bd35ea46ddfe6597fc6a2a7,08_scripts/config/ifind_requests/templates/excess_reserve_ratio.json,0791dc2ea52d84d061984536d7d1379153aa0cbd1bd35ea46ddfe6597fc6a2a7,success,,7da0818eba48734a9506be45f9ecfa54ff372362992998674111460dd08e7551,,字节级复制并验哈希。
ifind_migration_20260815_v1,17,2026-08-15T22:06:07+08:00,source_manifest_v1,futures_daily_market,ifind_migration,copied,migrate_ifind_snapshot.py,python 3.12,b501791e6e943d57546f52079b88b4bb6a00792b8867ffe6ba1d21c5ddd15849,05_data/snapshots/lineage/ifind/futures_daily_market/2026-08-15/futures_daily_market_20260815T142030+0800.manifest.json,b501791e6e943d57546f52079b88b4bb6a00792b8867ffe6ba1d21c5ddd15849,success,6416,7da0818eba48734a9506be45f9ecfa54ff372362992998674111460dd08e7551,,字节级复制并验哈希。
ifind_migration_20260815_v1,18,2026-08-15T22:06:07+08:00,production_raw_response,futures_daily_market,ifind_migration,copied,migrate_ifind_snapshot.py,python 3.12,1860ba401259aff347fa87700e1d455a8a151cd558143bbcafe196b56aff0479,05_data/raw/ifind/futures_daily_market/2026-08-15/futures_daily_market_20260815T142030+0800.json,1860ba401259aff347fa87700e1d455a8a151cd558143bbcafe196b56aff0479,success,6416,7da0818eba48734a9506be45f9ecfa54ff372362992998674111460dd08e7551,,字节级复制并验哈希。
ifind_migration_20260815_v1,19,2026-08-15T22:06:07+08:00,production_normalized,futures_daily_market,ifind_migration,copied,migrate_ifind_snapshot.py,python 3.12,86908c93946e779691b54b878b96a2111f09eca17c2ac09c8e248c9195827710,05_data/processed/ifind/futures_daily_market/2026-08-15/futures_daily_market_20260815T142030+0800.csv,86908c93946e779691b54b878b96a2111f09eca17c2ac09c8e248c9195827710,success,6416,7da0818eba48734a9506be45f9ecfa54ff372362992998674111460dd08e7551,,字节级复制并验哈希。
ifind_migration_20260815_v1,20,2026-08-15T22:06:07+08:00,production_request_template,futures_daily_market,ifind_migration,copied,migrate_ifind_snapshot.py,python 3.12,3e7438cdd5edb6bad09a02b54d5c8a18424216132795b74d7dd69f9ba93c74c8,08_scripts/config/ifind_requests/templates/futures_daily_market.json,3e7438cdd5edb6bad09a02b54d5c8a18424216132795b74d7dd69f9ba93c74c8,success,,7da0818eba48734a9506be45f9ecfa54ff372362992998674111460dd08e7551,,字节级复制并验哈希。
ifind_migration_20260815_v1,21,2026-08-15T22:06:07+08:00,source_manifest_v1,liquidity_policy_rates,ifind_migration,copied,migrate_ifind_snapshot.py,python 3.12,2f870e52746ab1bd9c6225ad3d09f1ed46494508cad9604be36a240004c00909,05_data/snapshots/lineage/ifind/liquidity_policy_rates/2026-08-15/liquidity_policy_rates_20260815T142106+0800.manifest.json,2f870e52746ab1bd9c6225ad3d09f1ed46494508cad9604be36a240004c00909,success,8214,7da0818eba48734a9506be45f9ecfa54ff372362992998674111460dd08e7551,,字节级复制并验哈希。
ifind_migration_20260815_v1,22,2026-08-15T22:06:07+08:00,production_raw_response,liquidity_policy_rates,ifind_migration,copied,migrate_ifind_snapshot.py,python 3.12,a287b8e594990f8773966b00d300f119a9c792fa46ec5b60bd4ea4b7e7ea28d5,05_data/raw/ifind/liquidity_policy_rates/2026-08-15/liquidity_policy_rates_20260815T142106+0800.json,a287b8e594990f8773966b00d300f119a9c792fa46ec5b60bd4ea4b7e7ea28d5,success,8214,7da0818eba48734a9506be45f9ecfa54ff372362992998674111460dd08e7551,,字节级复制并验哈希。
ifind_migration_20260815_v1,23,2026-08-15T22:06:07+08:00,production_normalized,liquidity_policy_rates,ifind_migration,copied,migrate_ifind_snapshot.py,python 3.12,6995e29033d2347e647de38722bd63385ae554bc485143f949d961398c8a5e72,05_data/processed/ifind/liquidity_policy_rates/2026-08-15/liquidity_policy_rates_20260815T142106+0800.csv,6995e29033d2347e647de38722bd63385ae554bc485143f949d961398c8a5e72,success,8214,7da0818eba48734a9506be45f9ecfa54ff372362992998674111460dd08e7551,,字节级复制并验哈希。
ifind_migration_20260815_v1,24,2026-08-15T22:06:07+08:00,production_request_template,liquidity_policy_rates,ifind_migration,copied,migrate_ifind_snapshot.py,python 3.12,40c7b76aefdc07e18f03336a047234dd0a6b8af31329066e45a14ff4d6f0141d,08_scripts/config/ifind_requests/templates/liquidity_policy_rates.json,40c7b76aefdc07e18f03336a047234dd0a6b8af31329066e45a14ff4d6f0141d,success,,7da0818eba48734a9506be45f9ecfa54ff372362992998674111460dd08e7551,,字节级复制并验哈希。
ifind_migration_20260815_v1,25,2026-08-15T22:06:07+08:00,source_manifest_v1,manufacturing_pmi_headline,ifind_migration,copied,migrate_ifind_snapshot.py,python 3.12,11faee82af11098a54ab518bcc86f1d88e96e0160cc17f39e70652a23ee04e3c,05_data/snapshots/lineage/ifind/manufacturing_pmi_headline/2026-08-15/manufacturing_pmi_headline_20260815T135901+0800.manifest.json,11faee82af11098a54ab518bcc86f1d88e96e0160cc17f39e70652a23ee04e3c,success,266,7da0818eba48734a9506be45f9ecfa54ff372362992998674111460dd08e7551,,字节级复制并验哈希。
ifind_migration_20260815_v1,26,2026-08-15T22:06:07+08:00,production_raw_response,manufacturing_pmi_headline,ifind_migration,copied,migrate_ifind_snapshot.py,python 3.12,92bb3ed7452be951472c8bb7173d6bfa9c190459719191aaa0d83e7dabeabeb3,05_data/raw/ifind/manufacturing_pmi_headline/2026-08-15/manufacturing_pmi_headline_20260815T135901+0800.json,92bb3ed7452be951472c8bb7173d6bfa9c190459719191aaa0d83e7dabeabeb3,success,266,7da0818eba48734a9506be45f9ecfa54ff372362992998674111460dd08e7551,,字节级复制并验哈希。
ifind_migration_20260815_v1,27,2026-08-15T22:06:07+08:00,production_normalized,manufacturing_pmi_headline,ifind_migration,copied,migrate_ifind_snapshot.py,python 3.12,dba6b736927fe73ef650131285e1d6fd56925598bc506e1fbee176bf5e2a3c8e,05_data/processed/ifind/manufacturing_pmi_headline/2026-08-15/manufacturing_pmi_headline_20260815T135901+0800.csv,dba6b736927fe73ef650131285e1d6fd56925598bc506e1fbee176bf5e2a3c8e,success,266,7da0818eba48734a9506be45f9ecfa54ff372362992998674111460dd08e7551,,字节级复制并验哈希。
ifind_migration_20260815_v1,28,2026-08-15T22:06:07+08:00,production_request_template,manufacturing_pmi_headline,ifind_migration,copied,migrate_ifind_snapshot.py,python 3.12,39b979662ec107bc8b7c5248bd45724beca13b1bb765d45149de6e416ac9e885,08_scripts/config/ifind_requests/templates/manufacturing_pmi_headline.json,39b979662ec107bc8b7c5248bd45724beca13b1bb765d45149de6e416ac9e885,success,,7da0818eba48734a9506be45f9ecfa54ff372362992998674111460dd08e7551,,字节级复制并验哈希。
ifind_migration_20260815_v1,29,2026-08-15T22:06:07+08:00,source_manifest_v1,specified_bond_irr_t,ifind_migration,copied,migrate_ifind_snapshot.py,python 3.12,7f500f6f22bc33d7439bbe6499e0e8056a1e8ec3efd94057fa9367b42a76e4a5,05_data/snapshots/lineage/ifind/specified_bond_irr_t/2026-08-15/specified_bond_irr_t_20260815T142434+0800.manifest.json,7f500f6f22bc33d7439bbe6499e0e8056a1e8ec3efd94057fa9367b42a76e4a5,success,162,7da0818eba48734a9506be45f9ecfa54ff372362992998674111460dd08e7551,,字节级复制并验哈希。
ifind_migration_20260815_v1,30,2026-08-15T22:06:07+08:00,production_raw_response,specified_bond_irr_t,ifind_migration,copied,migrate_ifind_snapshot.py,python 3.12,66eb6ac4b11236d9b9473f87d4418cef699d06e7cfaa155902924872cea988c2,05_data/raw/ifind/specified_bond_irr_t/2026-08-15/specified_bond_irr_t_20260815T142434+0800.json,66eb6ac4b11236d9b9473f87d4418cef699d06e7cfaa155902924872cea988c2,success,162,7da0818eba48734a9506be45f9ecfa54ff372362992998674111460dd08e7551,,字节级复制并验哈希。
ifind_migration_20260815_v1,31,2026-08-15T22:06:07+08:00,production_normalized,specified_bond_irr_t,ifind_migration,copied,migrate_ifind_snapshot.py,python 3.12,314edd623f657db442518645163ee39d1828e1ebc37eda1d5ae5e426b8d532e3,05_data/processed/ifind/specified_bond_irr_t/2026-08-15/specified_bond_irr_t_20260815T142434+0800.csv,314edd623f657db442518645163ee39d1828e1ebc37eda1d5ae5e426b8d532e3,success,162,7da0818eba48734a9506be45f9ecfa54ff372362992998674111460dd08e7551,,字节级复制并验哈希。
ifind_migration_20260815_v1,32,2026-08-15T22:06:07+08:00,production_request_template,specified_bond_irr_t,ifind_migration,copied,migrate_ifind_snapshot.py,python 3.12,d451cadb333273f069f0c62e56b90ab9cf533e4ea7902c1b92b8b0d9c42d10ef,08_scripts/config/ifind_requests/templates/specified_bond_irr_t.json,d451cadb333273f069f0c62e56b90ab9cf533e4ea7902c1b92b8b0d9c42d10ef,success,,7da0818eba48734a9506be45f9ecfa54ff372362992998674111460dd08e7551,,字节级复制并验哈希。
ifind_migration_20260815_v1,33,2026-08-15T22:06:07+08:00,source_manifest_v1,specified_bond_irr_t2609,ifind_migration,copied,migrate_ifind_snapshot.py,python 3.12,3f2db10b80f2d4a08af540f52f18dc9af38a929fd6c0c7d54ce7af3a425b4a76,05_data/snapshots/lineage/ifind/specified_bond_irr_t2609/2026-08-15/specified_bond_irr_t2609_20260815T144144+0800.manifest.json,3f2db10b80f2d4a08af540f52f18dc9af38a929fd6c0c7d54ce7af3a425b4a76,success,162,7da0818eba48734a9506be45f9ecfa54ff372362992998674111460dd08e7551,,字节级复制并验哈希。
ifind_migration_20260815_v1,34,2026-08-15T22:06:07+08:00,excluded_raw_response,specified_bond_irr_t2609,ifind_migration,copied,migrate_ifind_snapshot.py,python 3.12,963a1240372a4eb294a1e829ddc1c03531768155d8e8e968d5884039d7e37e55,99_archive/ifind_probes/actual_contract_probe/specified_bond_irr_t2609/2026-08-15/raw/specified_bond_irr_t2609_20260815T144144+0800.json,963a1240372a4eb294a1e829ddc1c03531768155d8e8e968d5884039d7e37e55,success,162,7da0818eba48734a9506be45f9ecfa54ff372362992998674111460dd08e7551,,字节级复制并验哈希。
ifind_migration_20260815_v1,35,2026-08-15T22:06:07+08:00,excluded_normalized,specified_bond_irr_t2609,ifind_migration,copied,migrate_ifind_snapshot.py,python 3.12,e58ae571994232b9d97f30ef56ee09dee7954e47bac7d5887d8514aa5f56ddcb,99_archive/ifind_probes/actual_contract_probe/specified_bond_irr_t2609/2026-08-15/normalized/specified_bond_irr_t2609_20260815T144144+0800.csv,e58ae571994232b9d97f30ef56ee09dee7954e47bac7d5887d8514aa5f56ddcb,success,162,7da0818eba48734a9506be45f9ecfa54ff372362992998674111460dd08e7551,,字节级复制并验哈希。
ifind_migration_20260815_v1,36,2026-08-15T22:06:07+08:00,excluded_request,specified_bond_irr_t2609,ifind_migration,copied,migrate_ifind_snapshot.py,python 3.12,ce004d49a582f842ae7a99c84ba03dced7d141fb4813ce5eaa217520dc6f0a41,99_archive/ifind_probes/actual_contract_probe/specified_bond_irr_t2609/2026-08-15/request/specified_bond_irr_t2609.json,ce004d49a582f842ae7a99c84ba03dced7d141fb4813ce5eaa217520dc6f0a41,success,,7da0818eba48734a9506be45f9ecfa54ff372362992998674111460dd08e7551,,字节级复制并验哈希。
ifind_migration_20260815_v1,37,2026-08-15T22:06:07+08:00,source_manifest_v1,specified_bond_irr_tf,ifind_migration,copied,migrate_ifind_snapshot.py,python 3.12,bb9874aba8600ae9983997aa825a1d50efd3f2347931edf0e55bb44b1a403480,05_data/snapshots/lineage/ifind/specified_bond_irr_tf/2026-08-15/specified_bond_irr_tf_20260815T142415+0800.manifest.json,bb9874aba8600ae9983997aa825a1d50efd3f2347931edf0e55bb44b1a403480,success,108,7da0818eba48734a9506be45f9ecfa54ff372362992998674111460dd08e7551,,字节级复制并验哈希。
ifind_migration_20260815_v1,38,2026-08-15T22:06:07+08:00,production_raw_response,specified_bond_irr_tf,ifind_migration,copied,migrate_ifind_snapshot.py,python 3.12,185f570fa4e4f3906c95aec5f88a8b603d3e9c7d5bfd2edafe25bcd82cf59b58,05_data/raw/ifind/specified_bond_irr_tf/2026-08-15/specified_bond_irr_tf_20260815T142415+0800.json,185f570fa4e4f3906c95aec5f88a8b603d3e9c7d5bfd2edafe25bcd82cf59b58,success,108,7da0818eba48734a9506be45f9ecfa54ff372362992998674111460dd08e7551,,字节级复制并验哈希。
ifind_migration_20260815_v1,39,2026-08-15T22:06:07+08:00,production_normalized,specified_bond_irr_tf,ifind_migration,copied,migrate_ifind_snapshot.py,python 3.12,8e54a04c3fe9fbafb7766acd479daaba7583be616856c172c91ba433af2a69e6,05_data/processed/ifind/specified_bond_irr_tf/2026-08-15/specified_bond_irr_tf_20260815T142415+0800.csv,8e54a04c3fe9fbafb7766acd479daaba7583be616856c172c91ba433af2a69e6,success,108,7da0818eba48734a9506be45f9ecfa54ff372362992998674111460dd08e7551,,字节级复制并验哈希。
ifind_migration_20260815_v1,40,2026-08-15T22:06:07+08:00,production_request_template,specified_bond_irr_tf,ifind_migration,copied,migrate_ifind_snapshot.py,python 3.12,28fb8aaa1f30034e9c96e9ba0c8804cee4b0a33a18bee69740ce2788169ac042,08_scripts/config/ifind_requests/templates/specified_bond_irr_tf.json,28fb8aaa1f30034e9c96e9ba0c8804cee4b0a33a18bee69740ce2788169ac042,success,,7da0818eba48734a9506be45f9ecfa54ff372362992998674111460dd08e7551,,字节级复制并验哈希。
ifind_migration_20260815_v1,41,2026-08-15T22:06:07+08:00,source_manifest_v1,specified_bond_irr_tf2609,ifind_migration,copied,migrate_ifind_snapshot.py,python 3.12,7857517f9deabe243328fd417315886c7a886ea8679ca1f3a12c77966b4241da,05_data/snapshots/lineage/ifind/specified_bond_irr_tf2609/2026-08-15/specified_bond_irr_tf2609_20260815T144126+0800.manifest.json,7857517f9deabe243328fd417315886c7a886ea8679ca1f3a12c77966b4241da,success,108,7da0818eba48734a9506be45f9ecfa54ff372362992998674111460dd08e7551,,字节级复制并验哈希。
ifind_migration_20260815_v1,42,2026-08-15T22:06:07+08:00,excluded_raw_response,specified_bond_irr_tf2609,ifind_migration,copied,migrate_ifind_snapshot.py,python 3.12,191d3998f1a9bd6abec1e7bad524709c8db11513f4202a6d3810da15feb092f2,99_archive/ifind_probes/actual_contract_probe/specified_bond_irr_tf2609/2026-08-15/raw/specified_bond_irr_tf2609_20260815T144126+0800.json,191d3998f1a9bd6abec1e7bad524709c8db11513f4202a6d3810da15feb092f2,success,108,7da0818eba48734a9506be45f9ecfa54ff372362992998674111460dd08e7551,,字节级复制并验哈希。
ifind_migration_20260815_v1,43,2026-08-15T22:06:07+08:00,excluded_normalized,specified_bond_irr_tf2609,ifind_migration,copied,migrate_ifind_snapshot.py,python 3.12,619f4c91a9355cb6e62dbd07a46d33bc790cb4af9f19554322ba67d1a05e43f5,99_archive/ifind_probes/actual_contract_probe/specified_bond_irr_tf2609/2026-08-15/normalized/specified_bond_irr_tf2609_20260815T144126+0800.csv,619f4c91a9355cb6e62dbd07a46d33bc790cb4af9f19554322ba67d1a05e43f5,success,108,7da0818eba48734a9506be45f9ecfa54ff372362992998674111460dd08e7551,,字节级复制并验哈希。
ifind_migration_20260815_v1,44,2026-08-15T22:06:07+08:00,excluded_request,specified_bond_irr_tf2609,ifind_migration,copied,migrate_ifind_snapshot.py,python 3.12,0791f02fffc88b283c26f54e1ba8fe213b3d992515a937ebb9a09e81d69bbf87,99_archive/ifind_probes/actual_contract_probe/specified_bond_irr_tf2609/2026-08-15/request/specified_bond_irr_tf2609.json,0791f02fffc88b283c26f54e1ba8fe213b3d992515a937ebb9a09e81d69bbf87,success,,7da0818eba48734a9506be45f9ecfa54ff372362992998674111460dd08e7551,,字节级复制并验哈希。
ifind_migration_20260815_v1,45,2026-08-15T22:06:07+08:00,source_manifest_v1,specified_bond_irr_tl,ifind_migration,copied,migrate_ifind_snapshot.py,python 3.12,fb8a08400c61cbca6fa993cd07434b8706338edf188abc1e2c3db381941b0870,05_data/snapshots/lineage/ifind/specified_bond_irr_tl/2026-08-15/specified_bond_irr_tl_20260815T142452+0800.manifest.json,fb8a08400c61cbca6fa993cd07434b8706338edf188abc1e2c3db381941b0870,success,162,7da0818eba48734a9506be45f9ecfa54ff372362992998674111460dd08e7551,,字节级复制并验哈希。
ifind_migration_20260815_v1,46,2026-08-15T22:06:07+08:00,production_raw_response,specified_bond_irr_tl,ifind_migration,copied,migrate_ifind_snapshot.py,python 3.12,dcb7728435de5f768c246369833a3de8d626c44a9093da25e7c812badeaa2f8c,05_data/raw/ifind/specified_bond_irr_tl/2026-08-15/specified_bond_irr_tl_20260815T142452+0800.json,dcb7728435de5f768c246369833a3de8d626c44a9093da25e7c812badeaa2f8c,success,162,7da0818eba48734a9506be45f9ecfa54ff372362992998674111460dd08e7551,,字节级复制并验哈希。
ifind_migration_20260815_v1,47,2026-08-15T22:06:07+08:00,production_normalized,specified_bond_irr_tl,ifind_migration,copied,migrate_ifind_snapshot.py,python 3.12,5e49eac04858eb67c17c64cc8076278e94b1602191ff977abcd5e78dd2329bd3,05_data/processed/ifind/specified_bond_irr_tl/2026-08-15/specified_bond_irr_tl_20260815T142452+0800.csv,5e49eac04858eb67c17c64cc8076278e94b1602191ff977abcd5e78dd2329bd3,success,162,7da0818eba48734a9506be45f9ecfa54ff372362992998674111460dd08e7551,,字节级复制并验哈希。
ifind_migration_20260815_v1,48,2026-08-15T22:06:07+08:00,production_request_template,specified_bond_irr_tl,ifind_migration,copied,migrate_ifind_snapshot.py,python 3.12,48cc0acc7f905509f8db89b405d2fe14d49429048c64ac1d1c038f6251822b40,08_scripts/config/ifind_requests/templates/specified_bond_irr_tl.json,48cc0acc7f905509f8db89b405d2fe14d49429048c64ac1d1c038f6251822b40,success,,7da0818eba48734a9506be45f9ecfa54ff372362992998674111460dd08e7551,,字节级复制并验哈希。
ifind_migration_20260815_v1,49,2026-08-15T22:06:07+08:00,source_manifest_v1,specified_bond_irr_tl2609,ifind_migration,copied,migrate_ifind_snapshot.py,python 3.12,e6b31a1a65ef925fe3ce9c4e3a10dc80dc0e3e92d4bc5e37cd2f46e81f644396,05_data/snapshots/lineage/ifind/specified_bond_irr_tl2609/2026-08-15/specified_bond_irr_tl2609_20260815T144203+0800.manifest.json,e6b31a1a65ef925fe3ce9c4e3a10dc80dc0e3e92d4bc5e37cd2f46e81f644396,success,162,7da0818eba48734a9506be45f9ecfa54ff372362992998674111460dd08e7551,,字节级复制并验哈希。
ifind_migration_20260815_v1,50,2026-08-15T22:06:07+08:00,excluded_raw_response,specified_bond_irr_tl2609,ifind_migration,copied,migrate_ifind_snapshot.py,python 3.12,48d673cac51eaadec5d60a0bb37742a7caf6804ca7822a5ab0f6e08255bd888c,99_archive/ifind_probes/actual_contract_probe/specified_bond_irr_tl2609/2026-08-15/raw/specified_bond_irr_tl2609_20260815T144203+0800.json,48d673cac51eaadec5d60a0bb37742a7caf6804ca7822a5ab0f6e08255bd888c,success,162,7da0818eba48734a9506be45f9ecfa54ff372362992998674111460dd08e7551,,字节级复制并验哈希。
ifind_migration_20260815_v1,51,2026-08-15T22:06:07+08:00,excluded_normalized,specified_bond_irr_tl2609,ifind_migration,copied,migrate_ifind_snapshot.py,python 3.12,b4d21925595ec485aed859885ca9edb4a13b7bf67dc6fd0543d70c3ac6d253b8,99_archive/ifind_probes/actual_contract_probe/specified_bond_irr_tl2609/2026-08-15/normalized/specified_bond_irr_tl2609_20260815T144203+0800.csv,b4d21925595ec485aed859885ca9edb4a13b7bf67dc6fd0543d70c3ac6d253b8,success,162,7da0818eba48734a9506be45f9ecfa54ff372362992998674111460dd08e7551,,字节级复制并验哈希。
ifind_migration_20260815_v1,52,2026-08-15T22:06:07+08:00,excluded_request,specified_bond_irr_tl2609,ifind_migration,copied,migrate_ifind_snapshot.py,python 3.12,1e7c1b202d0de6c05465b7cd013e4ec09db561bc57477dfa7e104628a0d94461,99_archive/ifind_probes/actual_contract_probe/specified_bond_irr_tl2609/2026-08-15/request/specified_bond_irr_tl2609.json,1e7c1b202d0de6c05465b7cd013e4ec09db561bc57477dfa7e104628a0d94461,success,,7da0818eba48734a9506be45f9ecfa54ff372362992998674111460dd08e7551,,字节级复制并验哈希。
ifind_migration_20260815_v1,53,2026-08-15T22:06:07+08:00,source_manifest_v1,specified_bond_irr_ts,ifind_migration,copied,migrate_ifind_snapshot.py,python 3.12,e1c0674a7e9f7de319599a9dcc561ee248300358584c137e7c67f95d82b4ea1a,05_data/snapshots/lineage/ifind/specified_bond_irr_ts/2026-08-15/specified_bond_irr_ts_20260815T142356+0800.manifest.json,e1c0674a7e9f7de319599a9dcc561ee248300358584c137e7c67f95d82b4ea1a,success,108,7da0818eba48734a9506be45f9ecfa54ff372362992998674111460dd08e7551,,字节级复制并验哈希。
ifind_migration_20260815_v1,54,2026-08-15T22:06:07+08:00,production_raw_response,specified_bond_irr_ts,ifind_migration,copied,migrate_ifind_snapshot.py,python 3.12,63a7fe4ba3e32cfe0726a874737ee2f8767f4658cb17ce1f639d6d53715bfc8a,05_data/raw/ifind/specified_bond_irr_ts/2026-08-15/specified_bond_irr_ts_20260815T142356+0800.json,63a7fe4ba3e32cfe0726a874737ee2f8767f4658cb17ce1f639d6d53715bfc8a,success,108,7da0818eba48734a9506be45f9ecfa54ff372362992998674111460dd08e7551,,字节级复制并验哈希。
ifind_migration_20260815_v1,55,2026-08-15T22:06:07+08:00,production_normalized,specified_bond_irr_ts,ifind_migration,copied,migrate_ifind_snapshot.py,python 3.12,9f8260f685b35949f60c7b670dfdfa942d890d4dfe1bf01929d5d251810a90c5,05_data/processed/ifind/specified_bond_irr_ts/2026-08-15/specified_bond_irr_ts_20260815T142356+0800.csv,9f8260f685b35949f60c7b670dfdfa942d890d4dfe1bf01929d5d251810a90c5,success,108,7da0818eba48734a9506be45f9ecfa54ff372362992998674111460dd08e7551,,字节级复制并验哈希。
ifind_migration_20260815_v1,56,2026-08-15T22:06:07+08:00,production_request_template,specified_bond_irr_ts,ifind_migration,copied,migrate_ifind_snapshot.py,python 3.12,46d61f74331155e80e8d27eebf9c735d5c4298e4897a1b2714553be767537b0b,08_scripts/config/ifind_requests/templates/specified_bond_irr_ts.json,46d61f74331155e80e8d27eebf9c735d5c4298e4897a1b2714553be767537b0b,success,,7da0818eba48734a9506be45f9ecfa54ff372362992998674111460dd08e7551,,字节级复制并验哈希。
ifind_migration_20260815_v1,57,2026-08-15T22:06:07+08:00,source_manifest_v1,specified_bond_irr_ts2609,ifind_migration,copied,migrate_ifind_snapshot.py,python 3.12,d09977b4bba0c78b3c0481c257e50bf2190360f7fbe6eec8ab3fb8de35c2da29,05_data/snapshots/lineage/ifind/specified_bond_irr_ts2609/2026-08-15/specified_bond_irr_ts2609_20260815T144108+0800.manifest.json,d09977b4bba0c78b3c0481c257e50bf2190360f7fbe6eec8ab3fb8de35c2da29,success,108,7da0818eba48734a9506be45f9ecfa54ff372362992998674111460dd08e7551,,字节级复制并验哈希。
ifind_migration_20260815_v1,58,2026-08-15T22:06:07+08:00,excluded_raw_response,specified_bond_irr_ts2609,ifind_migration,copied,migrate_ifind_snapshot.py,python 3.12,05354434add0811b53e13345ec65c6a2c2bca3968690ca2f9e1c24388778ffb9,99_archive/ifind_probes/actual_contract_probe/specified_bond_irr_ts2609/2026-08-15/raw/specified_bond_irr_ts2609_20260815T144108+0800.json,05354434add0811b53e13345ec65c6a2c2bca3968690ca2f9e1c24388778ffb9,success,108,7da0818eba48734a9506be45f9ecfa54ff372362992998674111460dd08e7551,,字节级复制并验哈希。
ifind_migration_20260815_v1,59,2026-08-15T22:06:07+08:00,excluded_normalized,specified_bond_irr_ts2609,ifind_migration,copied,migrate_ifind_snapshot.py,python 3.12,c9e6a598465029f04e01db5a4b29fe39b0ccf6a92aeadd21aae4588ff9490841,99_archive/ifind_probes/actual_contract_probe/specified_bond_irr_ts2609/2026-08-15/normalized/specified_bond_irr_ts2609_20260815T144108+0800.csv,c9e6a598465029f04e01db5a4b29fe39b0ccf6a92aeadd21aae4588ff9490841,success,108,7da0818eba48734a9506be45f9ecfa54ff372362992998674111460dd08e7551,,字节级复制并验哈希。
ifind_migration_20260815_v1,60,2026-08-15T22:06:07+08:00,excluded_request,specified_bond_irr_ts2609,ifind_migration,copied,migrate_ifind_snapshot.py,python 3.12,f94df7e7ad2768c8f66ea8d2f7df26399e85f6bd3740a53c5150de61ca3226db,99_archive/ifind_probes/actual_contract_probe/specified_bond_irr_ts2609/2026-08-15/request/specified_bond_irr_ts2609.json,f94df7e7ad2768c8f66ea8d2f7df26399e85f6bd3740a53c5150de61ca3226db,success,,7da0818eba48734a9506be45f9ecfa54ff372362992998674111460dd08e7551,,字节级复制并验哈希。
ifind_migration_20260815_v1,61,2026-08-15T22:06:07+08:00,source_manifest_v1,specified_bond_irr_ts_fallback,ifind_migration,copied,migrate_ifind_snapshot.py,python 3.12,fd9105c2d0ce1d80dc790b4625a214ee43dcdd8594b140ce789af5814923cb92,05_data/snapshots/lineage/ifind/specified_bond_irr_ts_fallback/2026-08-15/specified_bond_irr_ts_fallback_20260815T142950+0800.manifest.json,fd9105c2d0ce1d80dc790b4625a214ee43dcdd8594b140ce789af5814923cb92,success,162,7da0818eba48734a9506be45f9ecfa54ff372362992998674111460dd08e7551,,字节级复制并验哈希。
ifind_migration_20260815_v1,62,2026-08-15T22:06:07+08:00,production_raw_response,specified_bond_irr_ts_fallback,ifind_migration,copied,migrate_ifind_snapshot.py,python 3.12,d9a6967c8ba64397a0860dacbbe0008a09bc94f7805b8bfb4a82c4510056a228,05_data/raw/ifind/specified_bond_irr_ts_fallback/2026-08-15/specified_bond_irr_ts_fallback_20260815T142950+0800.json,d9a6967c8ba64397a0860dacbbe0008a09bc94f7805b8bfb4a82c4510056a228,success,162,7da0818eba48734a9506be45f9ecfa54ff372362992998674111460dd08e7551,,字节级复制并验哈希。
ifind_migration_20260815_v1,63,2026-08-15T22:06:07+08:00,production_normalized,specified_bond_irr_ts_fallback,ifind_migration,copied,migrate_ifind_snapshot.py,python 3.12,2ec062c3545b00565a93bcc9c67a21f5b57c8562edce49eaafe3f8803316c3ab,05_data/processed/ifind/specified_bond_irr_ts_fallback/2026-08-15/specified_bond_irr_ts_fallback_20260815T142950+0800.csv,2ec062c3545b00565a93bcc9c67a21f5b57c8562edce49eaafe3f8803316c3ab,success,162,7da0818eba48734a9506be45f9ecfa54ff372362992998674111460dd08e7551,,字节级复制并验哈希。
ifind_migration_20260815_v1,64,2026-08-15T22:06:07+08:00,production_request_template,specified_bond_irr_ts_fallback,ifind_migration,copied,migrate_ifind_snapshot.py,python 3.12,d6fd9ab104cc9d305cf61b127a0eaa7f3fc29436c76c4b129bdd0df7e54ee349,08_scripts/config/ifind_requests/templates/specified_bond_irr_ts_fallback.json,d6fd9ab104cc9d305cf61b127a0eaa7f3fc29436c76c4b129bdd0df7e54ee349,success,,7da0818eba48734a9506be45f9ecfa54ff372362992998674111460dd08e7551,,字节级复制并验哈希。
ifind_migration_20260815_v1,65,2026-08-15T22:06:07+08:00,source_manifest_v1,yield_curve_cgb,ifind_migration,copied,migrate_ifind_snapshot.py,python 3.12,62648fcbf81fa9dcd39d8705ef935aed9b304356b52e77c475fe21b6d9d30eac,05_data/snapshots/lineage/ifind/yield_curve_cgb/2026-08-15/yield_curve_cgb_20260815T135558+0800.manifest.json,62648fcbf81fa9dcd39d8705ef935aed9b304356b52e77c475fe21b6d9d30eac,success,19136,7da0818eba48734a9506be45f9ecfa54ff372362992998674111460dd08e7551,,字节级复制并验哈希。
ifind_migration_20260815_v1,66,2026-08-15T22:06:07+08:00,production_raw_response,yield_curve_cgb,ifind_migration,copied,migrate_ifind_snapshot.py,python 3.12,192a038bde507b2f82eb4402785b6f5fe3b9ea2b66a0d153409e282434b36575,05_data/raw/ifind/yield_curve_cgb/2026-08-15/yield_curve_cgb_20260815T135558+0800.json,192a038bde507b2f82eb4402785b6f5fe3b9ea2b66a0d153409e282434b36575,success,19136,7da0818eba48734a9506be45f9ecfa54ff372362992998674111460dd08e7551,,字节级复制并验哈希。
ifind_migration_20260815_v1,67,2026-08-15T22:06:07+08:00,production_normalized,yield_curve_cgb,ifind_migration,copied,migrate_ifind_snapshot.py,python 3.12,bb25afa0eea0c74b64c20c523edc56da49a91def094048b2ff0b996ad22f6e45,05_data/processed/ifind/yield_curve_cgb/2026-08-15/yield_curve_cgb_20260815T135558+0800.csv,bb25afa0eea0c74b64c20c523edc56da49a91def094048b2ff0b996ad22f6e45,success,19136,7da0818eba48734a9506be45f9ecfa54ff372362992998674111460dd08e7551,,字节级复制并验哈希。
ifind_migration_20260815_v1,68,2026-08-15T22:06:07+08:00,production_request_template,yield_curve_cgb,ifind_migration,copied,migrate_ifind_snapshot.py,python 3.12,98bab9c08afee9eab0ec9f14196cc57e4d92522e779c48e25c1d4b75372cbe6d,08_scripts/config/ifind_requests/templates/yield_curve_cgb.json,98bab9c08afee9eab0ec9f14196cc57e4d92522e779c48e25c1d4b75372cbe6d,success,,7da0818eba48734a9506be45f9ecfa54ff372362992998674111460dd08e7551,,字节级复制并验哈希。
ifind_migration_20260815_v1,69,2026-08-15T22:06:07+08:00,weekly_sqlite_baseline,weekly_report_20260814.sqlite,ifind_migration,copied,migrate_ifind_snapshot.py,python 3.12,4c737969c0a501c1432e461b6ec7121d78a70f51bc87c62eb7b3eb5e7f289361,05_data/snapshots/weekly/2026-08-14/weekly_report_20260814.sqlite,4c737969c0a501c1432e461b6ec7121d78a70f51bc87c62eb7b3eb5e7f289361,success,,7da0818eba48734a9506be45f9ecfa54ff372362992998674111460dd08e7551,,字节级复制并验哈希。
ifind_migration_20260815_v1,70,2026-08-15T22:06:07+08:00,weekly_manifest_v1,weekly_report_20260814.manifest.json,ifind_migration,copied,migrate_ifind_snapshot.py,python 3.12,10db220e055fa0980887bf8cdd3394b51b082884480fddc4eff680237ad668da,05_data/snapshots/weekly/2026-08-14/weekly_report_20260814.manifest.json,10db220e055fa0980887bf8cdd3394b51b082884480fddc4eff680237ad668da,success,,7da0818eba48734a9506be45f9ecfa54ff372362992998674111460dd08e7551,,字节级复制并验哈希。
ifind_migration_20260815_v1,71,2026-08-15T22:06:07+08:00,weekly_published_regression_baseline,active_bond_selection.csv,ifind_migration,copied,migrate_ifind_snapshot.py,python 3.12,b18a9f51d24a656452f189fc732a0b8d8ed74ed605cea1564c95a2dff286afc3,06_weekly/2026-W33/data_snapshot/active_bond_selection.csv,b18a9f51d24a656452f189fc732a0b8d8ed74ed605cea1564c95a2dff286afc3,success,10,7da0818eba48734a9506be45f9ecfa54ff372362992998674111460dd08e7551,,字节级复制并验哈希。
ifind_migration_20260815_v1,72,2026-08-15T22:06:07+08:00,weekly_published_regression_baseline,curve_and_futures_spreads.csv,ifind_migration,copied,migrate_ifind_snapshot.py,python 3.12,4962745a54b9a35bcfd09b53349f714905f7dfb3293e8e31a52b4d4f3a84517d,06_weekly/2026-W33/data_snapshot/curve_and_futures_spreads.csv,4962745a54b9a35bcfd09b53349f714905f7dfb3293e8e31a52b4d4f3a84517d,success,1429,7da0818eba48734a9506be45f9ecfa54ff372362992998674111460dd08e7551,,字节级复制并验哈希。
ifind_migration_20260815_v1,73,2026-08-15T22:06:07+08:00,weekly_published_regression_baseline,deliverable_bond_master.csv,ifind_migration,copied,migrate_ifind_snapshot.py,python 3.12,56b1bd059399f161f5378b6b63a971f16014ec3975c05e11f86bd97e379d8d98,06_weekly/2026-W33/data_snapshot/deliverable_bond_master.csv,56b1bd059399f161f5378b6b63a971f16014ec3975c05e11f86bd97e379d8d98,success,56,7da0818eba48734a9506be45f9ecfa54ff372362992998674111460dd08e7551,,字节级复制并验哈希。
ifind_migration_20260815_v1,74,2026-08-15T22:06:07+08:00,weekly_published_regression_baseline,manufacturing_pmi_wide.csv,ifind_migration,copied,migrate_ifind_snapshot.py,python 3.12,1c8a21a7ef3bfba90bff8c67bdf975d8280c0a190bdd48336aa01f6c1f907565,06_weekly/2026-W33/data_snapshot/manufacturing_pmi_wide.csv,1c8a21a7ef3bfba90bff8c67bdf975d8280c0a190bdd48336aa01f6c1f907565,success,19,7da0818eba48734a9506be45f9ecfa54ff372362992998674111460dd08e7551,,字节级复制并验哈希。
ifind_migration_20260815_v1,75,2026-08-15T22:06:07+08:00,weekly_published_regression_baseline,omo_weekly.csv,ifind_migration,copied,migrate_ifind_snapshot.py,python 3.12,3f76b861cc85ae05005186e2b2254cd1c7a428e500d9c83ced738d8f4e00da1c,06_weekly/2026-W33/data_snapshot/omo_weekly.csv,3f76b861cc85ae05005186e2b2254cd1c7a428e500d9c83ced738d8f4e00da1c,success,237,7da0818eba48734a9506be45f9ecfa54ff372362992998674111460dd08e7551,,字节级复制并验哈希。
ifind_migration_20260815_v1,76,2026-08-15T22:06:07+08:00,weekly_published_regression_baseline,report_futures_summary.csv,ifind_migration,copied,migrate_ifind_snapshot.py,python 3.12,3e03d2ba3502ad1a8be0d26278a82ed4bc77e971d206228ec195a862c9cd1b62,06_weekly/2026-W33/data_snapshot/report_futures_summary.csv,3e03d2ba3502ad1a8be0d26278a82ed4bc77e971d206228ec195a862c9cd1b62,success,4,7da0818eba48734a9506be45f9ecfa54ff372362992998674111460dd08e7551,,字节级复制并验哈希。
ifind_migration_20260815_v1,77,2026-08-15T22:06:07+08:00,weekly_published_regression_baseline,report_summary.json,ifind_migration,copied,migrate_ifind_snapshot.py,python 3.12,24682c197f4a49456a5db8716d15d686b48d91eb99b2e29f703a4323e8704ff4,06_weekly/2026-W33/data_snapshot/report_summary.json,24682c197f4a49456a5db8716d15d686b48d91eb99b2e29f703a4323e8704ff4,success,,7da0818eba48734a9506be45f9ecfa54ff372362992998674111460dd08e7551,,字节级复制并验哈希。
ifind_migration_20260815_v1,78,2026-08-15T22:06:07+08:00,weekly_published_regression_baseline,report_yield_changes.csv,ifind_migration,copied,migrate_ifind_snapshot.py,python 3.12,3c058e6d92cc304b66e3c48e1eaa37daf43ea3b62de2dcad932d31e29af41242,06_weekly/2026-W33/data_snapshot/report_yield_changes.csv,3c058e6d92cc304b66e3c48e1eaa37daf43ea3b62de2dcad932d31e29af41242,success,4,7da0818eba48734a9506be45f9ecfa54ff372362992998674111460dd08e7551,,字节级复制并验哈希。
ifind_migration_20260815_v1,79,2026-08-15T22:06:07+08:00,weekly_published_regression_baseline,report_yield_curve_snapshots.csv,ifind_migration,copied,migrate_ifind_snapshot.py,python 3.12,610ff21bd07abaf014e2b8e7c93e19a4339fa55dd20bce9327c5d70338c01378,06_weekly/2026-W33/data_snapshot/report_yield_curve_snapshots.csv,610ff21bd07abaf014e2b8e7c93e19a4339fa55dd20bce9327c5d70338c01378,success,78,7da0818eba48734a9506be45f9ecfa54ff372362992998674111460dd08e7551,,字节级复制并验哈希。
ifind_migration_20260815_v1,80,2026-08-15T22:06:07+08:00,current_alias,weekly_report_current.sqlite,ifind_migration,deduplicated_alias,migrate_ifind_snapshot.py,python 3.12,4c737969c0a501c1432e461b6ec7121d78a70f51bc87c62eb7b3eb5e7f289361,05_data/snapshots/weekly/2026-08-14/weekly_report_20260814.sqlite,4c737969c0a501c1432e461b6ec7121d78a70f51bc87c62eb7b3eb5e7f289361,success,,7da0818eba48734a9506be45f9ecfa54ff372362992998674111460dd08e7551,,按SHA-256映射到已存在物理对象，未重复复制。
ifind_migration_20260815_v1,81,2026-08-15T22:06:07+08:00,current_alias,report_summary_current.json,ifind_migration,deduplicated_alias,migrate_ifind_snapshot.py,python 3.12,24682c197f4a49456a5db8716d15d686b48d91eb99b2e29f703a4323e8704ff4,06_weekly/2026-W33/data_snapshot/report_summary.json,24682c197f4a49456a5db8716d15d686b48d91eb99b2e29f703a4323e8704ff4,success,,7da0818eba48734a9506be45f9ecfa54ff372362992998674111460dd08e7551,,按SHA-256映射到已存在物理对象，未重复复制。
ifind_migration_20260815_v1,82,2026-08-15T22:06:07+08:00,deduplicated_historical_sqlite,weekly_report_20260814_144711.sqlite.bak,ifind_migration,copied,migrate_ifind_snapshot.py,python 3.12,1c1e882c78d08365b09056735c8643f2a87875dd93ad0a781caa321bb5ba65e2,99_archive/ifind_sqlite_history/1c1e882c78d08365b09056735c8643f2a87875dd93ad0a781caa321bb5ba65e2/weekly_report_20260814_144711.sqlite.bak,1c1e882c78d08365b09056735c8643f2a87875dd93ad0a781caa321bb5ba65e2,success,,7da0818eba48734a9506be45f9ecfa54ff372362992998674111460dd08e7551,,字节级复制并验哈希。
ifind_migration_20260815_v1,83,2026-08-15T22:06:07+08:00,historical_sqlite_alias,weekly_report_20260814_145357.sqlite.bak,ifind_migration,deduplicated_alias,migrate_ifind_snapshot.py,python 3.12,1c1e882c78d08365b09056735c8643f2a87875dd93ad0a781caa321bb5ba65e2,99_archive/ifind_sqlite_history/1c1e882c78d08365b09056735c8643f2a87875dd93ad0a781caa321bb5ba65e2/weekly_report_20260814_144711.sqlite.bak,1c1e882c78d08365b09056735c8643f2a87875dd93ad0a781caa321bb5ba65e2,success,,7da0818eba48734a9506be45f9ecfa54ff372362992998674111460dd08e7551,,按SHA-256映射到已存在物理对象，未重复复制。
ifind_migration_20260815_v1,84,2026-08-15T22:06:07+08:00,historical_sqlite_alias,weekly_report_20260814_151712.sqlite.bak,ifind_migration,deduplicated_alias,migrate_ifind_snapshot.py,python 3.12,4c737969c0a501c1432e461b6ec7121d78a70f51bc87c62eb7b3eb5e7f289361,05_data/snapshots/weekly/2026-08-14/weekly_report_20260814.sqlite,4c737969c0a501c1432e461b6ec7121d78a70f51bc87c62eb7b3eb5e7f289361,success,,7da0818eba48734a9506be45f9ecfa54ff372362992998674111460dd08e7551,,按SHA-256映射到已存在物理对象，未重复复制。
ifind_migration_20260815_v1,85,2026-08-15T22:06:07+08:00,historical_sqlite_alias,weekly_report_20260814_152606.sqlite.bak,ifind_migration,deduplicated_alias,migrate_ifind_snapshot.py,python 3.12,4c737969c0a501c1432e461b6ec7121d78a70f51bc87c62eb7b3eb5e7f289361,05_data/snapshots/weekly/2026-08-14/weekly_report_20260814.sqlite,4c737969c0a501c1432e461b6ec7121d78a70f51bc87c62eb7b3eb5e7f289361,success,,7da0818eba48734a9506be45f9ecfa54ff372362992998674111460dd08e7551,,按SHA-256映射到已存在物理对象，未重复复制。
ifind_migration_20260815_v1,86,2026-08-15T22:06:07+08:00,historical_sqlite_alias,weekly_report_20260814_153306.sqlite.bak,ifind_migration,deduplicated_alias,migrate_ifind_snapshot.py,python 3.12,4c737969c0a501c1432e461b6ec7121d78a70f51bc87c62eb7b3eb5e7f289361,05_data/snapshots/weekly/2026-08-14/weekly_report_20260814.sqlite,4c737969c0a501c1432e461b6ec7121d78a70f51bc87c62eb7b3eb5e7f289361,success,,7da0818eba48734a9506be45f9ecfa54ff372362992998674111460dd08e7551,,按SHA-256映射到已存在物理对象，未重复复制。
ifind_migration_20260815_v1,87,2026-08-15T22:06:07+08:00,historical_sqlite_alias,weekly_report_20260814_153337.sqlite.bak,ifind_migration,deduplicated_alias,migrate_ifind_snapshot.py,python 3.12,4c737969c0a501c1432e461b6ec7121d78a70f51bc87c62eb7b3eb5e7f289361,05_data/snapshots/weekly/2026-08-14/weekly_report_20260814.sqlite,4c737969c0a501c1432e461b6ec7121d78a70f51bc87c62eb7b3eb5e7f289361,success,,7da0818eba48734a9506be45f9ecfa54ff372362992998674111460dd08e7551,,按SHA-256映射到已存在物理对象，未重复复制。
ifind_migration_20260815_v1,88,2026-08-15T22:06:07+08:00,legacy_92row_subset,ths_ds_bond_futures_20260715_20260815_20260815T134140+0800.csv,ifind_migration,copied,migrate_ifind_snapshot.py,python 3.12,c5b203b6e8cebfeecf464e50d498d8ddebd9f9585f131b60c767a6ba948a2787,99_archive/ifind_probes/legacy_subset/2026-08-15/ths_ds_bond_futures_20260715_20260815_20260815T134140+0800.csv,c5b203b6e8cebfeecf464e50d498d8ddebd9f9585f131b60c767a6ba948a2787,success,92,7da0818eba48734a9506be45f9ecfa54ff372362992998674111460dd08e7551,,字节级复制并验哈希。
ifind_migration_20260815_v1,89,2026-08-15T22:06:07+08:00,legacy_92row_subset,ths_ds_bond_futures_20260715_20260815_20260815T134140+0800.json,ifind_migration,copied,migrate_ifind_snapshot.py,python 3.12,0c597755e90c8a8f66d244540c33ea1bc592405dfe577b0fb649c022722fd439,99_archive/ifind_probes/legacy_subset/2026-08-15/ths_ds_bond_futures_20260715_20260815_20260815T134140+0800.json,0c597755e90c8a8f66d244540c33ea1bc592405dfe577b0fb649c022722fd439,success,,7da0818eba48734a9506be45f9ecfa54ff372362992998674111460dd08e7551,,字节级复制并验哈希。
ifind_migration_20260815_v1,90,2026-08-15T22:06:07+08:00,legacy_92row_subset,ths_ds_bond_futures_20260715_20260815_20260815T134140+0800.manifest.json,ifind_migration,copied,migrate_ifind_snapshot.py,python 3.12,27a040bb5ff7c4884fb60ffaefaab5e98cc4e6e2b4b3e3ea1df1e99f686f18c3,99_archive/ifind_probes/legacy_subset/2026-08-15/ths_ds_bond_futures_20260715_20260815_20260815T134140+0800.manifest.json,27a040bb5ff7c4884fb60ffaefaab5e98cc4e6e2b4b3e3ea1df1e99f686f18c3,success,,7da0818eba48734a9506be45f9ecfa54ff372362992998674111460dd08e7551,,字节级复制并验哈希。
ifind_migration_20260815_v1,91,2026-08-15T22:06:07+08:00,orphan_request_no_data,futures_active_contract_snapshot.json,ifind_migration,copied,migrate_ifind_snapshot.py,python 3.12,d082accc64ccf37446977d6557db47905fa824a7661d348b75611b2ef622b089,99_archive/ifind_probes/orphan_request/futures_active_contract_snapshot.json,d082accc64ccf37446977d6557db47905fa824a7661d348b75611b2ef622b089,success,,7da0818eba48734a9506be45f9ecfa54ff372362992998674111460dd08e7551,,字节级复制并验哈希。
ifind_migration_20260815_v1,92,2026-08-15T22:06:07+08:00,weekly_excel_template_baseline,周报底稿_只读快照_20260815.xlsx,ifind_migration,copied,migrate_ifind_snapshot.py,python 3.12,f7139d39911353aa7d11d9d3395dcc43e3f34f76db141c2244ff41300cd91376,06_weekly/template/imported/周报底稿_只读快照_20260815.xlsx,f7139d39911353aa7d11d9d3395dcc43e3f34f76db141c2244ff41300cd91376,success,,7da0818eba48734a9506be45f9ecfa54ff372362992998674111460dd08e7551,,字节级复制并验哈希。
ifind_migration_20260815_v1,93,2026-08-15T22:06:07+08:00,disabled_legacy_code_or_config,README_每周更新.md,ifind_migration,copied,migrate_ifind_snapshot.py,python 3.12,d61c9470a4a2db60d0597c93d109d38719de0c8fd14629734477d55e8b5c39d7,99_archive/ifind_rebuild_v0/README_每周更新.md,d61c9470a4a2db60d0597c93d109d38719de0c8fd14629734477d55e8b5c39d7,success,,7da0818eba48734a9506be45f9ecfa54ff372362992998674111460dd08e7551,,字节级复制并验哈希。
ifind_migration_20260815_v1,94,2026-08-15T22:06:07+08:00,disabled_legacy_code_or_config,build_weekly_datamart.py,ifind_migration,copied,migrate_ifind_snapshot.py,python 3.12,3512b91eb679c32ac6a3b7bcf5295b2c7a49031ced03516eccf179769330c413,99_archive/ifind_rebuild_v0/build_weekly_datamart.py,3512b91eb679c32ac6a3b7bcf5295b2c7a49031ced03516eccf179769330c413,success,,7da0818eba48734a9506be45f9ecfa54ff372362992998674111460dd08e7551,,字节级复制并验哈希。
ifind_migration_20260815_v1,95,2026-08-15T22:06:07+08:00,disabled_legacy_code_or_config,build_weekly_report_word.ps1,ifind_migration,copied,migrate_ifind_snapshot.py,python 3.12,4337b9907c16b379ab38215b8428c46c263b378f460d9489e10e0e893dc2f137,99_archive/ifind_rebuild_v0/build_weekly_report_word.ps1,4337b9907c16b379ab38215b8428c46c263b378f460d9489e10e0e893dc2f137,success,,7da0818eba48734a9506be45f9ecfa54ff372362992998674111460dd08e7551,,字节级复制并验哈希。
ifind_migration_20260815_v1,96,2026-08-15T22:06:07+08:00,disabled_legacy_code_or_config,build_weekly_workbook.py,ifind_migration,copied,migrate_ifind_snapshot.py,python 3.12,e3d258532d088334bb655fabd5d146395323f67391c2319625ffc64bc4e6be04,99_archive/ifind_rebuild_v0/build_weekly_workbook.py,e3d258532d088334bb655fabd5d146395323f67391c2319625ffc64bc4e6be04,success,,7da0818eba48734a9506be45f9ecfa54ff372362992998674111460dd08e7551,,字节级复制并验哈希。
ifind_migration_20260815_v1,97,2026-08-15T22:06:07+08:00,legacy_audit_or_weekly_context,cffex_deliverable_snapshot_20260815.json,ifind_migration,copied,migrate_ifind_snapshot.py,python 3.12,28be9d8c01c0f84baec6dfe0b8adc5b1e8920c172bb571599c410722fc25aa31,09_audit/legacy_ifind/cffex_deliverable_snapshot_20260815.json,28be9d8c01c0f84baec6dfe0b8adc5b1e8920c172bb571599c410722fc25aa31,success,,7da0818eba48734a9506be45f9ecfa54ff372362992998674111460dd08e7551,,字节级复制并验哈希。
ifind_migration_20260815_v1,98,2026-08-15T22:06:07+08:00,disabled_legacy_code_or_config,fetch_ifind_request.py,ifind_migration,copied,migrate_ifind_snapshot.py,python 3.12,770eeb8587e115f6d4d21a01f7627ffc27f121373ebc9a41921b5e4a283d9435,99_archive/ifind_rebuild_v0/fetch_ifind_request.py,770eeb8587e115f6d4d21a01f7627ffc27f121373ebc9a41921b5e4a283d9435,success,,7da0818eba48734a9506be45f9ecfa54ff372362992998674111460dd08e7551,,字节级复制并验哈希。
ifind_migration_20260815_v1,99,2026-08-15T22:06:07+08:00,disabled_legacy_code_or_config,fetch_ths_ds_snapshot.py,ifind_migration,copied,migrate_ifind_snapshot.py,python 3.12,2f6233d80dc79219017b5340d77d02016087826872e87a5874897c13ef8a38af,99_archive/ifind_rebuild_v0/fetch_ths_ds_snapshot.py,2f6233d80dc79219017b5340d77d02016087826872e87a5874897c13ef8a38af,success,,7da0818eba48734a9506be45f9ecfa54ff372362992998674111460dd08e7551,,字节级复制并验哈希。
ifind_migration_20260815_v1,100,2026-08-15T22:06:07+08:00,disabled_legacy_code_or_config,prepare_weekly_update.py,ifind_migration,copied,migrate_ifind_snapshot.py,python 3.12,66f401e83421e6ce7ce5d68a1fdc3a7c6e2c1895f19d0f83f4eaa04eee888bf0,99_archive/ifind_rebuild_v0/prepare_weekly_update.py,66f401e83421e6ce7ce5d68a1fdc3a7c6e2c1895f19d0f83f4eaa04eee888bf0,success,,7da0818eba48734a9506be45f9ecfa54ff372362992998674111460dd08e7551,,字节级复制并验哈希。
ifind_migration_20260815_v1,101,2026-08-15T22:06:07+08:00,legacy_audit_or_weekly_context,project_data_registry.json,ifind_migration,copied,migrate_ifind_snapshot.py,python 3.12,8479172db84ae17c72ed4f141c71281f40c24096847c2126f746424252e5cebd,09_audit/legacy_ifind/project_data_registry_20260815.json,8479172db84ae17c72ed4f141c71281f40c24096847c2126f746424252e5cebd,success,,7da0818eba48734a9506be45f9ecfa54ff372362992998674111460dd08e7551,,字节级复制并验哈希。
ifind_migration_20260815_v1,102,2026-08-15T22:06:07+08:00,old_code_request_alias,bond_futures_ctd_metrics.json,ifind_migration,deduplicated_alias,migrate_ifind_snapshot.py,python 3.12,6666ff78e18fbe0094d06e6c97462a989a13c6f0986771e3646613765f72224e,08_scripts/config/ifind_requests/templates/bond_futures_ctd_metrics.json,6666ff78e18fbe0094d06e6c97462a989a13c6f0986771e3646613765f72224e,success,,7da0818eba48734a9506be45f9ecfa54ff372362992998674111460dd08e7551,,按SHA-256映射到已存在物理对象，未重复复制。
ifind_migration_20260815_v1,103,2026-08-15T22:06:07+08:00,old_code_request_alias,deliverable_bond_volume.json,ifind_migration,deduplicated_alias,migrate_ifind_snapshot.py,python 3.12,e39da424c2afc1bd41c7c67a92c61e5b27eb6e5494187d936d867e6c8f829d3f,08_scripts/config/ifind_requests/templates/deliverable_bond_volume.json,e39da424c2afc1bd41c7c67a92c61e5b27eb6e5494187d936d867e6c8f829d3f,success,,7da0818eba48734a9506be45f9ecfa54ff372362992998674111460dd08e7551,,按SHA-256映射到已存在物理对象，未重复复制。
ifind_migration_20260815_v1,104,2026-08-15T22:06:07+08:00,old_code_request_alias,excess_reserve_rate_history.json,ifind_migration,deduplicated_alias,migrate_ifind_snapshot.py,python 3.12,4b21ce6f508ec0b3a35c8eba38fba224cca30c20adc02b036e0f1fc1615fd8a3,99_archive/ifind_probes/wrong_definition/excess_reserve_rate_history/2026-08-15/request/excess_reserve_rate_history.json,4b21ce6f508ec0b3a35c8eba38fba224cca30c20adc02b036e0f1fc1615fd8a3,success,,7da0818eba48734a9506be45f9ecfa54ff372362992998674111460dd08e7551,,按SHA-256映射到已存在物理对象，未重复复制。
ifind_migration_20260815_v1,105,2026-08-15T22:06:07+08:00,old_code_request_alias,excess_reserve_ratio.json,ifind_migration,deduplicated_alias,migrate_ifind_snapshot.py,python 3.12,0791dc2ea52d84d061984536d7d1379153aa0cbd1bd35ea46ddfe6597fc6a2a7,08_scripts/config/ifind_requests/templates/excess_reserve_ratio.json,0791dc2ea52d84d061984536d7d1379153aa0cbd1bd35ea46ddfe6597fc6a2a7,success,,7da0818eba48734a9506be45f9ecfa54ff372362992998674111460dd08e7551,,按SHA-256映射到已存在物理对象，未重复复制。
ifind_migration_20260815_v1,106,2026-08-15T22:06:07+08:00,old_code_request_alias,futures_active_contract_snapshot.json,ifind_migration,deduplicated_alias,migrate_ifind_snapshot.py,python 3.12,d082accc64ccf37446977d6557db47905fa824a7661d348b75611b2ef622b089,99_archive/ifind_probes/orphan_request/futures_active_contract_snapshot.json,d082accc64ccf37446977d6557db47905fa824a7661d348b75611b2ef622b089,success,,7da0818eba48734a9506be45f9ecfa54ff372362992998674111460dd08e7551,,按SHA-256映射到已存在物理对象，未重复复制。
ifind_migration_20260815_v1,107,2026-08-15T22:06:07+08:00,old_code_request_alias,futures_daily_market.json,ifind_migration,deduplicated_alias,migrate_ifind_snapshot.py,python 3.12,3e7438cdd5edb6bad09a02b54d5c8a18424216132795b74d7dd69f9ba93c74c8,08_scripts/config/ifind_requests/templates/futures_daily_market.json,3e7438cdd5edb6bad09a02b54d5c8a18424216132795b74d7dd69f9ba93c74c8,success,,7da0818eba48734a9506be45f9ecfa54ff372362992998674111460dd08e7551,,按SHA-256映射到已存在物理对象，未重复复制。
ifind_migration_20260815_v1,108,2026-08-15T22:06:07+08:00,old_code_request_alias,liquidity_policy_rates.json,ifind_migration,deduplicated_alias,migrate_ifind_snapshot.py,python 3.12,40c7b76aefdc07e18f03336a047234dd0a6b8af31329066e45a14ff4d6f0141d,08_scripts/config/ifind_requests/templates/liquidity_policy_rates.json,40c7b76aefdc07e18f03336a047234dd0a6b8af31329066e45a14ff4d6f0141d,success,,7da0818eba48734a9506be45f9ecfa54ff372362992998674111460dd08e7551,,按SHA-256映射到已存在物理对象，未重复复制。
ifind_migration_20260815_v1,109,2026-08-15T22:06:07+08:00,old_code_request_alias,manufacturing_pmi_headline.json,ifind_migration,deduplicated_alias,migrate_ifind_snapshot.py,python 3.12,39b979662ec107bc8b7c5248bd45724beca13b1bb765d45149de6e416ac9e885,08_scripts/config/ifind_requests/templates/manufacturing_pmi_headline.json,39b979662ec107bc8b7c5248bd45724beca13b1bb765d45149de6e416ac9e885,success,,7da0818eba48734a9506be45f9ecfa54ff372362992998674111460dd08e7551,,按SHA-256映射到已存在物理对象，未重复复制。
ifind_migration_20260815_v1,110,2026-08-15T22:06:07+08:00,old_code_request_alias,specified_bond_irr_t.json,ifind_migration,deduplicated_alias,migrate_ifind_snapshot.py,python 3.12,d451cadb333273f069f0c62e56b90ab9cf533e4ea7902c1b92b8b0d9c42d10ef,08_scripts/config/ifind_requests/templates/specified_bond_irr_t.json,d451cadb333273f069f0c62e56b90ab9cf533e4ea7902c1b92b8b0d9c42d10ef,success,,7da0818eba48734a9506be45f9ecfa54ff372362992998674111460dd08e7551,,按SHA-256映射到已存在物理对象，未重复复制。
ifind_migration_20260815_v1,111,2026-08-15T22:06:07+08:00,old_code_request_alias,specified_bond_irr_t2609.json,ifind_migration,deduplicated_alias,migrate_ifind_snapshot.py,python 3.12,ce004d49a582f842ae7a99c84ba03dced7d141fb4813ce5eaa217520dc6f0a41,99_archive/ifind_probes/actual_contract_probe/specified_bond_irr_t2609/2026-08-15/request/specified_bond_irr_t2609.json,ce004d49a582f842ae7a99c84ba03dced7d141fb4813ce5eaa217520dc6f0a41,success,,7da0818eba48734a9506be45f9ecfa54ff372362992998674111460dd08e7551,,按SHA-256映射到已存在物理对象，未重复复制。
ifind_migration_20260815_v1,112,2026-08-15T22:06:07+08:00,old_code_request_alias,specified_bond_irr_tf.json,ifind_migration,deduplicated_alias,migrate_ifind_snapshot.py,python 3.12,28fb8aaa1f30034e9c96e9ba0c8804cee4b0a33a18bee69740ce2788169ac042,08_scripts/config/ifind_requests/templates/specified_bond_irr_tf.json,28fb8aaa1f30034e9c96e9ba0c8804cee4b0a33a18bee69740ce2788169ac042,success,,7da0818eba48734a9506be45f9ecfa54ff372362992998674111460dd08e7551,,按SHA-256映射到已存在物理对象，未重复复制。
ifind_migration_20260815_v1,113,2026-08-15T22:06:07+08:00,old_code_request_alias,specified_bond_irr_tf2609.json,ifind_migration,deduplicated_alias,migrate_ifind_snapshot.py,python 3.12,0791f02fffc88b283c26f54e1ba8fe213b3d992515a937ebb9a09e81d69bbf87,99_archive/ifind_probes/actual_contract_probe/specified_bond_irr_tf2609/2026-08-15/request/specified_bond_irr_tf2609.json,0791f02fffc88b283c26f54e1ba8fe213b3d992515a937ebb9a09e81d69bbf87,success,,7da0818eba48734a9506be45f9ecfa54ff372362992998674111460dd08e7551,,按SHA-256映射到已存在物理对象，未重复复制。
ifind_migration_20260815_v1,114,2026-08-15T22:06:07+08:00,old_code_request_alias,specified_bond_irr_tl.json,ifind_migration,deduplicated_alias,migrate_ifind_snapshot.py,python 3.12,48cc0acc7f905509f8db89b405d2fe14d49429048c64ac1d1c038f6251822b40,08_scripts/config/ifind_requests/templates/specified_bond_irr_tl.json,48cc0acc7f905509f8db89b405d2fe14d49429048c64ac1d1c038f6251822b40,success,,7da0818eba48734a9506be45f9ecfa54ff372362992998674111460dd08e7551,,按SHA-256映射到已存在物理对象，未重复复制。
ifind_migration_20260815_v1,115,2026-08-15T22:06:07+08:00,old_code_request_alias,specified_bond_irr_tl2609.json,ifind_migration,deduplicated_alias,migrate_ifind_snapshot.py,python 3.12,1e7c1b202d0de6c05465b7cd013e4ec09db561bc57477dfa7e104628a0d94461,99_archive/ifind_probes/actual_contract_probe/specified_bond_irr_tl2609/2026-08-15/request/specified_bond_irr_tl2609.json,1e7c1b202d0de6c05465b7cd013e4ec09db561bc57477dfa7e104628a0d94461,success,,7da0818eba48734a9506be45f9ecfa54ff372362992998674111460dd08e7551,,按SHA-256映射到已存在物理对象，未重复复制。
ifind_migration_20260815_v1,116,2026-08-15T22:06:07+08:00,old_code_request_alias,specified_bond_irr_ts.json,ifind_migration,deduplicated_alias,migrate_ifind_snapshot.py,python 3.12,46d61f74331155e80e8d27eebf9c735d5c4298e4897a1b2714553be767537b0b,08_scripts/config/ifind_requests/templates/specified_bond_irr_ts.json,46d61f74331155e80e8d27eebf9c735d5c4298e4897a1b2714553be767537b0b,success,,7da0818eba48734a9506be45f9ecfa54ff372362992998674111460dd08e7551,,按SHA-256映射到已存在物理对象，未重复复制。
ifind_migration_20260815_v1,117,2026-08-15T22:06:07+08:00,old_code_request_alias,specified_bond_irr_ts2609.json,ifind_migration,deduplicated_alias,migrate_ifind_snapshot.py,python 3.12,f94df7e7ad2768c8f66ea8d2f7df26399e85f6bd3740a53c5150de61ca3226db,99_archive/ifind_probes/actual_contract_probe/specified_bond_irr_ts2609/2026-08-15/request/specified_bond_irr_ts2609.json,f94df7e7ad2768c8f66ea8d2f7df26399e85f6bd3740a53c5150de61ca3226db,success,,7da0818eba48734a9506be45f9ecfa54ff372362992998674111460dd08e7551,,按SHA-256映射到已存在物理对象，未重复复制。
ifind_migration_20260815_v1,118,2026-08-15T22:06:07+08:00,old_code_request_alias,specified_bond_irr_ts_fallback.json,ifind_migration,deduplicated_alias,migrate_ifind_snapshot.py,python 3.12,d6fd9ab104cc9d305cf61b127a0eaa7f3fc29436c76c4b129bdd0df7e54ee349,08_scripts/config/ifind_requests/templates/specified_bond_irr_ts_fallback.json,d6fd9ab104cc9d305cf61b127a0eaa7f3fc29436c76c4b129bdd0df7e54ee349,success,,7da0818eba48734a9506be45f9ecfa54ff372362992998674111460dd08e7551,,按SHA-256映射到已存在物理对象，未重复复制。
ifind_migration_20260815_v1,119,2026-08-15T22:06:07+08:00,old_code_request_alias,yield_curve_cgb.json,ifind_migration,deduplicated_alias,migrate_ifind_snapshot.py,python 3.12,98bab9c08afee9eab0ec9f14196cc57e4d92522e779c48e25c1d4b75372cbe6d,08_scripts/config/ifind_requests/templates/yield_curve_cgb.json,98bab9c08afee9eab0ec9f14196cc57e4d92522e779c48e25c1d4b75372cbe6d,success,,7da0818eba48734a9506be45f9ecfa54ff372362992998674111460dd08e7551,,按SHA-256映射到已存在物理对象，未重复复制。
ifind_migration_20260815_v1,120,2026-08-15T22:06:07+08:00,disabled_legacy_code_or_config,run_weekly_update.ps1,ifind_migration,copied,migrate_ifind_snapshot.py,python 3.12,da8c3f3e0f442ecc8c1973960de35aea26a7bfc1233673bfc35712b99d71b32c,99_archive/ifind_rebuild_v0/run_weekly_update.ps1,da8c3f3e0f442ecc8c1973960de35aea26a7bfc1233673bfc35712b99d71b32c,success,,7da0818eba48734a9506be45f9ecfa54ff372362992998674111460dd08e7551,,字节级复制并验哈希。
ifind_migration_20260815_v1,121,2026-08-15T22:06:07+08:00,disabled_legacy_code_or_config,weekly_automation_config.json,ifind_migration,copied,migrate_ifind_snapshot.py,python 3.12,9ab1d148b29c30b4b0129a51844e469f861f96748e74e352001c68a0910fcfaa,99_archive/ifind_rebuild_v0/weekly_automation_config.json,9ab1d148b29c30b4b0129a51844e469f861f96748e74e352001c68a0910fcfaa,success,,7da0818eba48734a9506be45f9ecfa54ff372362992998674111460dd08e7551,,字节级复制并验哈希。
ifind_migration_20260815_v1,122,2026-08-15T22:06:07+08:00,disabled_legacy_code_or_config,weekly_automation_runbook.md,ifind_migration,copied,migrate_ifind_snapshot.py,python 3.12,c315abc310592c6df595d3f371b6ad8219c8ffe6f06e90ed9faa33569d68c7cf,99_archive/ifind_rebuild_v0/weekly_automation_runbook.md,c315abc310592c6df595d3f371b6ad8219c8ffe6f06e90ed9faa33569d68c7cf,success,,7da0818eba48734a9506be45f9ecfa54ff372362992998674111460dd08e7551,,字节级复制并验哈希。
ifind_migration_20260815_v1,123,2026-08-15T22:06:07+08:00,legacy_audit_or_weekly_context,weekly_report_copy_20260814.json,ifind_migration,copied,migrate_ifind_snapshot.py,python 3.12,b42565578d39b2b25ef6425353392157915b76b9f6d1af034ec07b09b6e747e8,06_weekly/2026-W33/legacy_copy/weekly_report_copy_20260814.json,b42565578d39b2b25ef6425353392157915b76b9f6d1af034ec07b09b6e747e8,success,,7da0818eba48734a9506be45f9ecfa54ff372362992998674111460dd08e7551,,字节级复制并验哈希。
ifind_migration_20260815_v1,124,2026-08-15T22:06:07+08:00,disabled_legacy_code_or_config,weekly_update_config.json,ifind_migration,copied,migrate_ifind_snapshot.py,python 3.12,36d9af256169962e08ff7484b1ad6de955e28d3a60f0fcedfec90a48b7d7e442,99_archive/ifind_rebuild_v0/weekly_update_config.json,36d9af256169962e08ff7484b1ad6de955e28d3a60f0fcedfec90a48b7d7e442,success,,7da0818eba48734a9506be45f9ecfa54ff372362992998674111460dd08e7551,,字节级复制并验哈希。
gate_a_20260815_v1,1,2026-08-15T23:05:33+08:00,policy,report_card_extraction_principles,gate_a,updated,Codex research workflow,v0.1,,AGENTS.md,9e0a00711e5441ee85ac8cab478409a7a5918dbf2065d5d86ab5843b7276ff61,success,,,,"按用户修订改为跨报告整合研究、文字优先和最小图表复核；既有强制证据规则保留。"
gate_a_20260815_v1,2,2026-08-15T23:05:33+08:00,template,integrated_report_card_template,gate_a,versioned,Codex research workflow,v0.1,,02_report_cards/CARD_TEMPLATE.md,bbf353f9a3f298c399e82cd42c1409a6c09f0a8ce6ae9f802bf5efc46b5af38c,success,,,,"卡片模板改为机制、竞争解释、定价、工具表达和资料库整合结构。"
gate_a_20260815_v1,3,2026-08-15T23:05:33+08:00,report_card,rpt_c5fb1a641cf93b7c,gate_a,created,PDF text extraction + targeted visual QA,Gate A v0.1,c5fb1a641cf93b7ca6fa7176c8e1a85295343788e8fe3346138a463d393e9ad7,02_report_cards/2026/rpt_c5fb1a641cf93b7c_v0.1.md,0b12be6ccc1ef0270c6e3f3001d2929485d14bca0d9f1ffdeb8e57685719b719,success,14,bbf353f9a3f298c399e82cd42c1409a6c09f0a8ce6ae9f802bf5efc46b5af38c,,"16条E；仅物理页10做必要视觉复核；等待用户审阅。"
gate_a_20260815_v1,4,2026-08-15T23:05:33+08:00,page_inventory,rpt_c5fb1a641cf93b7c,gate_a,created,PDF page audit,Gate A v0.1,c5fb1a641cf93b7ca6fa7176c8e1a85295343788e8fe3346138a463d393e9ad7,09_audit/gate_a/rpt_c5fb1a641cf93b7c_page_inventory.csv,de5911179fe913b48175eaabbc9de92a38c16676584c0774ed35370249f48f46,success,14,bbf353f9a3f298c399e82cd42c1409a6c09f0a8ce6ae9f802bf5efc46b5af38c,,"14/14物理页连续覆盖。"
gate_a_20260815_v1,5,2026-08-15T23:05:33+08:00,evidence_audit,rpt_c5fb1a641cf93b7c,gate_a,created,Evidence QA,Gate A v0.1,c5fb1a641cf93b7ca6fa7176c8e1a85295343788e8fe3346138a463d393e9ad7,09_audit/gate_a/rpt_c5fb1a641cf93b7c_evidence_audit.csv,5d4c60bb64ad0519f74551056b662650ea31e67ea830a52635338fc1b33354d5,success,12,bbf353f9a3f298c399e82cd42c1409a6c09f0a8ce6ae9f802bf5efc46b5af38c,,"12/12抽查通过。"
gate_a_20260815_v1,6,2026-08-15T23:05:33+08:00,report_card,rpt_feca128af69a3d3b,gate_a,created,PDF text extraction,Gate A v0.1,feca128af69a3d3b762663926069bf4d99dcf8ad540c8320fa1cf465a5c11f70,02_report_cards/2026/rpt_feca128af69a3d3b_v0.1.md,6e077c47f70d1c48e8ad739961ca9a34489f0a07201de774720b3e9db054b800,success,9,bbf353f9a3f298c399e82cd42c1409a6c09f0a8ce6ae9f802bf5efc46b5af38c,,"15条E；正文足以支撑入库内容，未做图表视觉提取；等待用户审阅。"
gate_a_20260815_v1,7,2026-08-15T23:05:33+08:00,page_inventory,rpt_feca128af69a3d3b,gate_a,created,PDF page audit,Gate A v0.1,feca128af69a3d3b762663926069bf4d99dcf8ad540c8320fa1cf465a5c11f70,09_audit/gate_a/rpt_feca128af69a3d3b_page_inventory.csv,ec86e9091eef586159c8318dc9f8de0123414593604818c8d88ae644efed240d,success,9,bbf353f9a3f298c399e82cd42c1409a6c09f0a8ce6ae9f802bf5efc46b5af38c,,"9/9物理页连续覆盖。"
gate_a_20260815_v1,8,2026-08-15T23:05:33+08:00,evidence_audit,rpt_feca128af69a3d3b,gate_a,created,Evidence QA,Gate A v0.1,feca128af69a3d3b762663926069bf4d99dcf8ad540c8320fa1cf465a5c11f70,09_audit/gate_a/rpt_feca128af69a3d3b_evidence_audit.csv,c2e06e499265bb5717646fc268564975ab6165a0d8f95489578c52a707e43269,success,12,bbf353f9a3f298c399e82cd42c1409a6c09f0a8ce6ae9f802bf5efc46b5af38c,,"12/12抽查通过；截止日未声明项保留pass_with_U。"
gate_a_20260815_v1,9,2026-08-15T23:05:33+08:00,report_card,rpt_c406ce66269f6c16,gate_a,created,PDF text extraction,Gate A v0.1,c406ce66269f6c16627ef25fa6806e5f9060549bd1700fb9f4e3b12d118b7db3,02_report_cards/2026/rpt_c406ce66269f6c16_v0.1.md,682fdf90b91d56bd8750cdb2249d181b1b8edc4a08043ba28dd4350ac7f80e43,success,15,bbf353f9a3f298c399e82cd42c1409a6c09f0a8ce6ae9f802bf5efc46b5af38c,,"21条E；正文足以支撑入库内容，未取图表独有点位；等待用户审阅。"
gate_a_20260815_v1,10,2026-08-15T23:05:33+08:00,page_inventory,rpt_c406ce66269f6c16,gate_a,created,PDF page audit,Gate A v0.1,c406ce66269f6c16627ef25fa6806e5f9060549bd1700fb9f4e3b12d118b7db3,09_audit/gate_a/rpt_c406ce66269f6c16_page_inventory.csv,2b0f06fce01b051fe45463d6db3ecee24badea1e928b76167998c43d15c0d033,success,15,bbf353f9a3f298c399e82cd42c1409a6c09f0a8ce6ae9f802bf5efc46b5af38c,,"15/15物理页连续覆盖。"
gate_a_20260815_v1,11,2026-08-15T23:05:33+08:00,evidence_audit,rpt_c406ce66269f6c16,gate_a,created,Evidence QA,Gate A v0.1,c406ce66269f6c16627ef25fa6806e5f9060549bd1700fb9f4e3b12d118b7db3,09_audit/gate_a/rpt_c406ce66269f6c16_evidence_audit.csv,980ebb21918ca0c4a27b366fb4b5130d4c012394bc2ab262f9c11010dbb66842,success,16,bbf353f9a3f298c399e82cd42c1409a6c09f0a8ce6ae9f802bf5efc46b5af38c,,"16/16抽查通过；15条截止日未声明项保留pass_with_U。"
gate_a_20260815_v1,12,2026-08-15T23:05:33+08:00,framework,gate_a_integrated_framework_v0.1,gate_a,created,Cross-report synthesis,v0.1,,03_frameworks/gate_a_integrated_framework_v0.1.md,1c28123afdaa0cf1275b019194a3e8e9838ea61babe6f15220ff8ec2bdda97fa,success,3,bbf353f9a3f298c399e82cd42c1409a6c09f0a8ce6ae9f802bf5efc46b5af38c,,"形成结构锚到证伪复盘的六层周报操作系统；不作方向裁决。"
gate_a_20260815_v1,13,2026-08-15T23:05:33+08:00,indicator_candidates,gate_a_indicator_candidates_v0.1,gate_a,created,Cross-report synthesis,v0.1,,09_audit/gate_a/indicator_candidates_v0.1.csv,b3b701bbe484ba5b644c3114862ef06b3adcdbac6c83ba99f2752ecffcd226e2,success,41,,,"41项候选全部为proposed_gate_a；未写入正式指标字典；CTD与转换因子已拆分。"
gate_a_20260815_v1,14,2026-08-15T23:05:33+08:00,data_snapshot,cffex_20260815_official_01,cffex_current_snapshot,captured_and_validated,CFFEX official snapshot fetcher,0.1.0,30f2ad109f06a156791786d86520b32f64eea0d52bf943ecd638afc1bd819a37,05_data/snapshots/cffex/2026-08-15/cffex_20260815_official_01.manifest.json,5e6a37110e08f818103c99c01718d36c1ae5ae7493e0cbc9a73752d2a5bb418a,success,129,,,"27个官方raw对象；12个合约；总表、逐合约并集和长表三方一致；promotion关闭。"
gate_a_20260815_v1,15,2026-08-15T23:05:33+08:00,data_plan,cffex_deliverable_history,cffex_history,created,Codex research engineering,v0.1,,04_indicators/cffex_deliverable_history_plan.md,1a8c090eec1f289d9ea5362af8813bf6ac3d801dda8ed8c51d61cb296504e207,success,,,,"区分当前截面、历史最终篮子和按生效日事件账本；当前无需用户人工补录。"
gate_a_20260815_v1,16,2026-08-15T23:05:33+08:00,script,cffex_snapshot_fetcher,cffex_current_snapshot,updated,Python,0.2.1,,08_scripts/cffex/fetch_deliverable_snapshot.py,14b917ce09db276e2c2fefa7b7124b3f9291c9026d56be3e4bb53ead25e0f148,success,,,,"加入事务暂存、逐快照锁、自验、原子提升、回滚和真实抓取日约束。"
gate_a_20260815_v1,17,2026-08-15T23:05:33+08:00,script,cffex_snapshot_validator,cffex_current_snapshot,updated,Python,0.2.0,,08_scripts/cffex/validate_deliverable_snapshot.py,a7fea03bd43bb03df4ad75f3da4ef561c0d71ec51976fc655c3e0381e283c39c,success,129,,,"独立解析总表、逐合约CSV和processed长表并进行三方双向比较。"
gate_a_20260815_v1,18,2026-08-15T23:05:33+08:00,quality_report,cffex_snapshot_quality_20260815,cffex_current_snapshot,created,Independent data QA,v0.1,,09_audit/cffex_snapshot_quality_report_20260815.md,8a0fc9789e9d6cb058a4a31fa748286b68d955e4a000bfdb4855b92a3622cb6b,success,129,,,"当前截面PASS；历史最终篮子、时点事件账本和周报生产仍未通过。"
gate_a_20260815_v1,19,2026-08-15T23:05:33+08:00,script,gate_a_validator,gate_a,created,Python,0.1.0,,08_scripts/validate_gate_a.py,59911ed86bebdf57767c93ce276d851e3f3313f8697db2510d4930b2bd07981c,success,49,,,"49项卡片结构、证据审计、源文件和Gate隔离检查。"
gate_a_20260815_v1,20,2026-08-15T23:05:33+08:00,quality_report,gate_a_quality_20260815,gate_a,created,Gate A QA,v0.1,,09_audit/gate_a_quality_report_20260815.md,244ffee4847ee1d94525b7b8445ec78894a80e55f4d1f33e36424e0d0afe3fe3,success,40,,,"Gate A为PASS并等待用户审阅；Gate B未启动。"
gate_a_20260815_v1,21,2026-08-15T23:05:33+08:00,selection_registry,pilot_selection_20260815,gate_a,status_updated,Codex registry update,v0.1,,09_audit/pilot_selection_20260815.csv,bb8a887943e7189b655e1235171c35971f01ca04c2a560568ac7d25671511d80,success,6,,,"三份Gate A标记为processed_pending_user_review；三份Gate B保持未处理。"
gate_a_20260815_v1,22,2026-08-15T23:05:33+08:00,issue_registry,cffex_migration_issues,cffex_current_snapshot,status_updated,Codex registry update,v0.1,,09_audit/data_migration_issues.csv,c9aeacc903aba758345592ea0880595a53a7d8bc1140f55326e14eacd2b3cc14,success,2,,,"旧CFFEX快照问题调整为部分解决；固定转换因子列问题仍保持open。"
gate_a_20260815_v1,23,2026-08-15T23:05:33+08:00,documentation,project_readme,gate_a,updated,Codex documentation,v0.1,,README.md,a1f926e36c653948239ae7b53de251416036fec8716520c90e3d0edd931851ef,success,,,,"README更新为Gate A完成待审、当前CFFEX截面通过且历史链路仍关闭。"
gate_a_20260815_v1,24,2026-08-15T23:05:33+08:00,version_control_policy,byte_preserving_evidence,initialization,updated,Git attributes,v0.1,,.gitattributes,23cf46b8915678f904da329fdac053e6a89fff524fd6ddeca4c2e83d4a82f111,success,,,,"历史manifest与请求模板标记为binary，避免Git改写字节或将保留CRLF误报为空白错误。"
gate_b_20260816_v1,1,2026-08-16T10:40:00+08:00,gate_state,gate_a,gate_transition,approved_and_frozen,User decision+Git,v0.1,,09_audit/pilot_selection_20260815.csv,,success,3,,1de0e72,"用户明确批准Gate A并进入Gate B；三张Gate A v0.1卡片由提交1de0e72冻结。"
gate_b_20260816_v1,2,2026-08-16T10:40:00+08:00,report_card,rpt_5856700aced049fc,gate_b,created,Text extraction+manual QA,v0.1,5856700aced049fca482f870ab0be5fe4c2a964b9b5ecdc1ef21e798326ef93c,02_report_cards/2026/rpt_5856700aced049fc_v0.1.md,5abc0d3bef51aa0c5d83d29d83dce878848ce44c7e6efe4f42c3648997c18f9e,success,13,,,"周度市场卡片完成；15条明确证据；用户裁决留空。"
gate_b_20260816_v1,3,2026-08-16T10:40:00+08:00,page_inventory,rpt_5856700aced049fc,gate_b,created,Page inventory,v0.1,5856700aced049fca482f870ab0be5fe4c2a964b9b5ecdc1ef21e798326ef93c,09_audit/gate_b/rpt_5856700aced049fc_page_inventory.csv,080af5f4ba8fdb30d11ff145351edcc64cf0d29f954f33fec2b03c386486a8b4,success,13,,,"13/13页覆盖；核心证据均有文字支持；无必须视觉复核页。"
gate_b_20260816_v1,4,2026-08-16T10:40:00+08:00,evidence_audit,rpt_5856700aced049fc,gate_b,created,Independent evidence QA,v0.1,5856700aced049fca482f870ab0be5fe4c2a964b9b5ecdc1ef21e798326ef93c,09_audit/gate_b/rpt_5856700aced049fc_evidence_audit.csv,a296493a5716293aff0f6994ed8c7ba1f41b06417b402292600b27efdeec7d2c,success,12,,,"12/12审计通过；3*T-TL按两腿机械贡献独立复算。"
gate_b_20260816_v1,5,2026-08-16T10:40:00+08:00,report_card,rpt_737662a2d6e52aed,gate_b,created,Text extraction+manual QA,v0.1,737662a2d6e52aed7d3fa01ad4e2879baa3e67a0747a02b74d17e5e520d32ca2,02_report_cards/2026/rpt_737662a2d6e52aed_v0.1.md,54712686f5f397872454aacec9c001ec99e682100173c09cc172b167656be32b,success,8,,,"FOMC事件卡片完成；14条明确证据；用户裁决留空。"
gate_b_20260816_v1,6,2026-08-16T10:40:00+08:00,page_inventory,rpt_737662a2d6e52aed,gate_b,created,Page inventory,v0.1,737662a2d6e52aed7d3fa01ad4e2879baa3e67a0747a02b74d17e5e520d32ca2,09_audit/gate_b/rpt_737662a2d6e52aed_page_inventory.csv,8d46800f52613f00936b72a798afbe14e05f1a8951f8715d0ecd9c7a905d6ec3,success,8,,,"8/8页覆盖；核心证据均有文字支持；无必须视觉复核页。"
gate_b_20260816_v1,7,2026-08-16T10:40:00+08:00,evidence_audit,rpt_737662a2d6e52aed,gate_b,created,Independent evidence QA,v0.1,737662a2d6e52aed7d3fa01ad4e2879baa3e67a0747a02b74d17e5e520d32ca2,09_audit/gate_b/rpt_737662a2d6e52aed_evidence_audit.csv,292db25776a9ae389e611474ea1d21b32c1b137f7662810221a4b9b4a36b94bd,success,14,,,"14/14审计通过；事件事实、盘中定价和政策路径分层。"
gate_b_20260816_v1,8,2026-08-16T10:40:00+08:00,report_card,rpt_bb2de5c3b82fc0e2,gate_b,created,Text extraction+manual QA,v0.1,bb2de5c3b82fc0e29dc122c06d0ea37d069edfbf68c9718be01d9db511ff4294,02_report_cards/2026/rpt_bb2de5c3b82fc0e2_v0.1.md,4aeda4a30ee8684b2f3600fc7bdf4e9bef02bd5e1f9c5b1b4a7c5e608be6fac9,success,38,,,"海外宏观卡片完成；23条明确证据；用户裁决留空。"
gate_b_20260816_v1,9,2026-08-16T10:40:00+08:00,page_inventory,rpt_bb2de5c3b82fc0e2,gate_b,created,Page inventory,v0.1,bb2de5c3b82fc0e29dc122c06d0ea37d069edfbf68c9718be01d9db511ff4294,09_audit/gate_b/rpt_bb2de5c3b82fc0e2_page_inventory.csv,a4f92cce7aefc3fb871649c5d89e03cb5e597f3499f69390380cfcf025aef699,success,38,,,"38/38页覆盖；图中独有点位未转写；无必须视觉复核页。"
gate_b_20260816_v1,10,2026-08-16T10:40:00+08:00,evidence_audit,rpt_bb2de5c3b82fc0e2,gate_b,created,Independent evidence QA,v0.1,bb2de5c3b82fc0e29dc122c06d0ea37d069edfbf68c9718be01d9db511ff4294,09_audit/gate_b/rpt_bb2de5c3b82fc0e2_evidence_audit.csv,eb5e2075e2661827d80dd1babf6a13ccd9f0e2cba1f6421bab406aa2bc251a59,success,23,,,"23/23审计通过；报告内部冲突显式保留且不进入阈值。"
gate_b_20260816_v1,11,2026-08-16T10:40:00+08:00,research_framework,gate_ab_integrated_framework_v0.2,gate_b,created,Cross-report synthesis,v0.2,,03_frameworks/gate_ab_integrated_framework_v0.2.md,d5036caeeee26630d06c78b8eaf41c1d2cf3c4b31f24d6c16e56512a4e55c0ee,success,,,,"整合Gate A+B；增加海外G0-G4门控、方向一致性、事件分段、预测冲突账本和工具分支。"
gate_b_20260816_v1,12,2026-08-16T10:40:00+08:00,indicator_candidates,gate_b_indicator_candidates_v0.2,gate_b,created,Cross-report synthesis,v0.2,b3b701bbe484ba5b644c3114862ef06b3adcdbac6c83ba99f2752ecffcd226e2,09_audit/gate_b/indicator_candidates_v0.2.csv,a1aa89c2c53a5172ec327fce3fb7fc2a932375f9b52f5232989a8006487afa83,success,65,,,"41项继承加24项新增；7项期现链安全修订；11项依赖阻断、5项可得性待审；未写正式字典。"
gate_b_20260816_v1,13,2026-08-16T10:40:00+08:00,lineage_manifest,gate_b_indicator_candidates_v0.2,gate_b,created,Codex research engineering,v1.0,a1aa89c2c53a5172ec327fce3fb7fc2a932375f9b52f5232989a8006487afa83,09_audit/gate_b/indicator_candidates_v0.2.manifest.json,e5c4c4eec8078edf0f3fe7d9a827472e4778822a157af1efd781ab8589a944ac,success,65,,,"full_snapshot谱系冻结；effective=false；只能选择单一版本导入。"
gate_b_20260816_v1,14,2026-08-16T10:40:00+08:00,script,gate_b_validator,gate_b,created,Python,v0.1,,08_scripts/validate_gate_b.py,d3d30fdd45851d7076eb3580c51dd59079c697508562e5133aa8b247a10e35fa,success,49,,,"49项卡片结构、证据表、页覆盖、源完整性和Gate隔离检查。"
gate_b_20260816_v1,15,2026-08-16T10:40:00+08:00,quality_report,gate_b_quality_20260816,gate_b,created,Gate B QA,v0.1,,09_audit/gate_b_quality_report_20260816.md,5923a93f2d79d7ceef8d4c4bb71e70ce9f41d7e5283a629bb1e5278c91f3a224,success,49,,,"Gate B通过内部质量门并等待用户审阅；59页、52条明确证据、49条正式审计。"
gate_b_20260816_v1,16,2026-08-16T10:40:00+08:00,selection_registry,pilot_selection_20260815,gate_b,status_updated,Codex registry update,v0.2,,09_audit/pilot_selection_20260815.csv,0bcddc525e091389d40168017ac4d58a3df427c22c328383cae3c4e0fa1374e9,success,6,,,"Gate A三项已批准；Gate B三项处理完成并等待用户审阅。"
gate_b_20260816_v1,17,2026-08-16T10:40:00+08:00,documentation,project_readme,gate_b,updated,Codex documentation,v0.2,,README.md,5d4590847047424d08ff0ec3534f6eff3e4a5416ce7c3b400a2512998007d340,success,,,,"README更新Gate B状态、方向一致性门控、指标阻断与停止点。"
gate_b_20260816_v1,18,2026-08-16T10:40:00+08:00,script,gate_a_validator,gate_transition,updated,Python,v0.2,1de0e72,08_scripts/validate_gate_a.py,b871e5379b7a9671b5a1f3d645df647e126f804f1fa1471e9a69001774604ae9,success,49,,,"阶段哨兵改为读取Gate A批准状态；49/49回归通过；冻结的Gate A卡片和审计未修改。"
gate_b_approval_20260821_v1,1,2026-08-21T00:00:00+08:00,approval_state,gate_b,gate_b_approval,approved_and_frozen,User decision,v1.0,,09_audit/pilot_selection_20260815.csv,1f188dfefa6d574c811c904afc9477aa4032e86ea3827527c827d02a36e60eb9,success,3,,,"用户明确回复通过Gate B；三份Gate B卡片与整合框架进入冻结状态；剩余9份仍不处理。"
gate_b_approval_20260821_v1,2,2026-08-21T00:00:00+08:00,report_card,rpt_5856700aced049fc,gate_b_approval,status_updated,Codex registry update,v0.1,5856700aced049fca482f870ab0be5fe4c2a964b9b5ecdc1ef21e798326ef93c,02_report_cards/2026/rpt_5856700aced049fc_v0.1.md,118798c7bb9709dbf89207d652d1a60a77d0d26fe0dd71d2c1470f7040ef9f0c,success,13,,,"manual_review_status改为approved；保留用户裁决栏为空，不替用户作方向性投资判断。"
gate_b_approval_20260821_v1,3,2026-08-21T00:00:00+08:00,report_card,rpt_737662a2d6e52aed,gate_b_approval,status_updated,Codex registry update,v0.1,737662a2d6e52aed7d3fa01ad4e2879baa3e67a0747a02b74d17e5e520d32ca2,02_report_cards/2026/rpt_737662a2d6e52aed_v0.1.md,8fa8b111cdc5301d0f7a4ef5e6c50c3fc02bb4690fbb0020acfd03b8768e3da6,success,8,,,"manual_review_status改为approved；保留用户裁决栏为空，不替用户作方向性投资判断。"
gate_b_approval_20260821_v1,4,2026-08-21T00:00:00+08:00,report_card,rpt_bb2de5c3b82fc0e2,gate_b_approval,status_updated,Codex registry update,v0.1,bb2de5c3b82fc0e29dc122c06d0ea37d069edfbf68c9718be01d9db511ff4294,02_report_cards/2026/rpt_bb2de5c3b82fc0e2_v0.1.md,85ff18ca30ff4b2c993e3836011514fb5a91c7c74daa6b0395bfb438fe19c11d,success,38,,,"manual_review_status改为approved；保留用户裁决栏为空，不替用户作方向性投资判断。"
gate_b_approval_20260821_v1,5,2026-08-21T00:00:00+08:00,research_framework,gate_ab_integrated_framework_v0.2,gate_b_approval,status_updated,Codex registry update,v0.2,d5036caeeee26630d06c78b8eaf41c1d2cf3c4b31f24d6c16e56512a4e55c0ee,03_frameworks/gate_ab_integrated_framework_v0.2.md,d838f972aaad3aa9281af88710ae38d92d5214e6d11b897abf992b6a46f7fded,success,,,"status改为approved_user_frozen、effective=true；框架可作为研究操作系统使用。"
gate_b_approval_20260821_v1,6,2026-08-21T00:00:00+08:00,lineage_manifest,gate_b_indicator_candidates_v0.2,gate_b_approval,status_updated,Codex registry update,v1.0,a1aa89c2c53a5172ec327fce3fb7fc2a932375f9b52f5232989a8006487afa83,09_audit/gate_b/indicator_candidates_v0.2.manifest.json,e091f1e7fae75fa4ad76441f0e4bbfd34df4b089da3762c3e334eed9d58e3d3e,success,65,,,"记录Gate B批准状态；候选指标仍effective=false，promotion继续因依赖审计关闭。"
gate_b_approval_20260821_v1,7,2026-08-21T00:00:00+08:00,quality_report,gate_b_quality_20260816,gate_b_approval,status_updated,Codex documentation,v0.2,,09_audit/gate_b_quality_report_20260816.md,9eb027ebceb0211ea5e09d0263af1be239c40ba471a1d7d14998319601e0ec65,success,49,,,"质量报告更新为用户批准并冻结；保留未可靠提取项与人工复核边界。"
gate_b_approval_20260821_v1,8,2026-08-21T00:00:00+08:00,documentation,project_readme,gate_b_approval,updated,Codex documentation,v0.2,,README.md,afedb6ffc2a0fee0b71887f40322ed0ba399417dd2d596c4727013b4edaa7006,success,,,,"README更新为Gate B批准冻结；指标生产、iFinD和CFFEX历史链路仍关闭。"
